date,usdhkd,usdcny,usdhkd_minus_7_80,cu_position
2014-09-07,7.749800,6.130500,-0.050200,strong_side
2014-09-08,7.750200,6.130500,-0.049800,inside
2014-09-09,7.749880,6.126500,-0.050120,strong_side
2014-09-10,7.750000,6.119400,-0.050000,inside
2014-09-11,7.749830,6.120000,-0.050170,strong_side
2014-09-14,7.750160,6.124700,-0.049840,inside
2014-09-15,7.750650,6.132000,-0.049350,inside
2014-09-16,7.750600,6.136100,-0.049400,inside
2014-09-17,7.750650,6.129000,-0.049350,inside
2014-09-18,7.750860,6.130500,-0.049140,inside
2014-09-21,7.750760,6.131100,-0.049240,inside
2014-09-22,7.751410,6.130500,-0.048590,inside
2014-09-23,7.751310,6.127800,-0.048690,inside
2014-09-24,7.751660,6.126600,-0.048340,inside
2014-09-25,7.753620,6.126000,-0.046380,inside
2014-09-28,7.762170,6.117100,-0.037830,inside
2014-09-29,7.765410,6.140000,-0.034590,inside
2014-09-30,7.764250,6.128500,-0.035750,inside
2014-10-01,7.763360,6.128500,-0.036640,inside
2014-10-02,7.762470,6.128500,-0.037530,inside
2014-10-05,7.758140,6.129000,-0.041860,inside
2014-10-06,7.754510,6.129000,-0.045490,inside
2014-10-07,7.754800,6.129000,-0.045200,inside
2014-10-08,7.755640,6.129000,-0.044360,inside
2014-10-09,7.755820,6.120200,-0.044180,inside
2014-10-12,7.756250,6.121100,-0.043750,inside
2014-10-13,7.758330,6.115500,-0.041670,inside
2014-10-14,7.756170,6.115500,-0.043830,inside
2014-10-15,7.756830,6.115900,-0.043170,inside
2014-10-16,7.757160,6.113300,-0.042840,inside
2014-10-19,7.756900,6.114000,-0.043100,inside
2014-10-20,7.757750,6.113600,-0.042250,inside
2014-10-21,7.755220,6.111000,-0.044780,inside
2014-10-22,7.755970,6.108300,-0.044030,inside
2014-10-23,7.756770,6.109500,-0.043230,inside
2014-10-27,7.756830,6.107100,-0.043170,inside
2014-10-28,7.756870,6.106500,-0.043130,inside
2014-10-29,7.756790,6.103300,-0.043210,inside
2014-10-30,7.753900,6.101200,-0.046100,inside
2014-10-31,7.755160,6.104500,-0.044840,inside
2014-11-03,7.754420,6.102700,-0.045580,inside
2014-11-04,7.753430,6.108300,-0.046570,inside
2014-11-05,7.751450,6.105300,-0.048550,inside
2014-11-06,7.751460,6.104000,-0.048540,inside
2014-11-07,7.752570,6.102000,-0.047430,inside
2014-11-10,7.751850,6.112800,-0.048150,inside
2014-11-11,7.753830,6.109500,-0.046170,inside
2014-11-12,7.753840,6.114500,-0.046160,inside
2014-11-13,7.753860,6.116200,-0.046140,inside
2014-11-14,7.754180,6.114800,-0.045820,inside
2014-11-17,7.753640,6.119500,-0.046360,inside
2014-11-18,7.754100,6.114300,-0.045900,inside
2014-11-19,7.754430,6.111300,-0.045570,inside
2014-11-20,7.754470,6.109500,-0.045530,inside
2014-11-21,7.755670,6.113500,-0.044330,inside
2014-11-24,7.756680,6.114900,-0.043320,inside
2014-11-25,7.755610,6.131700,-0.044390,inside
2014-11-26,7.754900,6.126500,-0.045100,inside
2014-11-27,7.753350,6.129100,-0.046650,inside
2014-11-28,7.752270,6.129100,-0.047730,inside
2014-12-01,7.754150,6.133200,-0.045850,inside
2014-12-02,7.755180,6.142000,-0.044820,inside
2014-12-03,7.754220,6.139500,-0.045780,inside
2014-12-04,7.753410,6.140200,-0.046590,inside
2014-12-05,7.750950,6.144600,-0.049050,inside
2014-12-08,7.750680,6.140200,-0.049320,inside
2014-12-09,7.750820,6.163000,-0.049180,inside
2014-12-10,7.752310,6.177800,-0.047690,inside
2014-12-11,7.751740,6.166600,-0.048260,inside
2014-12-12,7.751240,6.178600,-0.048760,inside
2014-12-15,7.751500,6.176900,-0.048500,inside
2014-12-16,7.752250,6.180500,-0.047750,inside
2014-12-17,7.753110,6.179500,-0.046890,inside
2014-12-18,7.755900,6.187000,-0.044100,inside
2014-12-19,7.755760,6.204500,-0.044240,inside
2014-12-22,7.753800,6.209900,-0.046200,inside
2014-12-23,7.755360,6.211600,-0.044640,inside
2014-12-24,7.756160,6.215900,-0.043840,inside
2014-12-25,7.761800,6.205300,-0.038200,inside
2014-12-26,7.759560,6.205300,-0.040440,inside
2014-12-29,7.760980,6.205300,-0.039020,inside
2014-12-30,7.757660,6.212500,-0.042340,inside
2014-12-31,7.756470,6.192000,-0.043530,inside
2015-01-01,7.753000,6.196100,-0.047000,inside
2015-01-02,7.755460,6.196100,-0.044540,inside
2015-01-05,7.755710,6.196100,-0.044290,inside
2015-01-06,7.755230,6.208400,-0.044770,inside
2015-01-07,7.753720,6.202000,-0.046280,inside
2015-01-08,7.754290,6.204000,-0.045710,inside
2015-01-09,7.754630,6.203500,-0.045370,inside
2015-01-12,7.753020,6.200300,-0.046980,inside
2015-01-13,7.752390,6.193400,-0.047610,inside
2015-01-14,7.752780,6.187600,-0.047220,inside
2015-01-15,7.753350,6.184000,-0.046650,inside
2015-01-16,7.752330,6.177500,-0.047670,inside
2015-01-19,7.751960,6.197000,-0.048040,inside
2015-01-20,7.751660,6.208000,-0.048340,inside
2015-01-21,7.751650,6.204900,-0.048350,inside
2015-01-22,7.750830,6.201700,-0.049170,inside
2015-01-23,7.751920,6.199000,-0.048080,inside
2015-01-26,7.751890,6.217900,-0.048110,inside
2015-01-27,7.751760,6.245800,-0.048240,inside
2015-01-28,7.751690,6.235100,-0.048310,inside
2015-01-29,7.751630,6.236500,-0.048370,inside
2015-01-30,7.751560,6.236600,-0.048440,inside
2015-02-02,7.751650,6.241000,-0.048350,inside
2015-02-03,7.752920,6.249500,-0.047080,inside
2015-02-04,7.753640,6.245700,-0.046360,inside
2015-02-05,7.752200,6.237700,-0.047800,inside
2015-02-06,7.752080,6.242100,-0.047920,inside
2015-02-09,7.751750,6.233400,-0.048250,inside
2015-02-10,7.752970,6.238800,-0.047030,inside
2015-02-11,7.753130,6.231800,-0.046870,inside
2015-02-12,7.754200,6.232300,-0.045800,inside
2015-02-13,7.753870,6.234500,-0.046130,inside
2015-02-16,7.754990,6.230300,-0.045010,inside
2015-02-17,7.758310,6.238600,-0.041690,inside
2015-02-18,7.757970,6.244100,-0.042030,inside
2015-02-19,7.757840,6.244100,-0.042160,inside
2015-02-20,7.757600,6.244100,-0.042400,inside
2015-02-23,7.757230,6.244100,-0.042770,inside
2015-02-24,7.755890,6.245100,-0.044110,inside
2015-02-25,7.756000,6.245100,-0.044000,inside
2015-02-26,7.755780,6.249500,-0.044220,inside
2015-02-27,7.754900,6.249500,-0.045100,inside
2015-03-02,7.753140,6.258600,-0.046860,inside
2015-03-03,7.754340,6.263700,-0.045660,inside
2015-03-04,7.754160,6.263700,-0.045840,inside
2015-03-05,7.754550,6.260600,-0.045450,inside
2015-03-06,7.755960,6.257400,-0.044040,inside
2015-03-09,7.756600,6.253800,-0.043400,inside
2015-03-10,7.759200,6.255000,-0.040800,inside
2015-03-11,7.759450,6.252000,-0.040550,inside
2015-03-12,7.765670,6.252000,-0.034330,inside
2015-03-13,7.766590,6.252000,-0.033410,inside
2015-03-16,7.765640,6.248700,-0.034360,inside
2015-03-17,7.764030,6.251800,-0.035970,inside
2015-03-18,7.762030,6.239500,-0.037970,inside
2015-03-19,7.757560,6.218700,-0.042440,inside
2015-03-20,7.757730,6.186000,-0.042270,inside
2015-03-23,7.756800,6.196000,-0.043200,inside
2015-03-24,7.755340,6.205000,-0.044660,inside
2015-03-25,7.754450,6.195300,-0.045550,inside
2015-03-26,7.754480,6.201000,-0.045520,inside
2015-03-27,7.753440,6.201400,-0.046560,inside
2015-03-29,7.752630,6.205200,-0.047370,inside
2015-03-30,7.754560,6.196500,-0.045440,inside
2015-03-31,7.752650,6.187500,-0.047350,inside
2015-04-01,7.752120,6.187100,-0.047880,inside
2015-04-02,7.752460,6.187000,-0.047540,inside
2015-04-05,7.751260,6.187000,-0.048740,inside
2015-04-06,7.752280,6.187000,-0.047720,inside
2015-04-07,7.752830,6.188200,-0.047170,inside
2015-04-08,7.750050,6.191400,-0.049950,inside
2015-04-09,7.749570,6.194700,-0.050430,strong_side
2015-04-12,7.749530,6.199100,-0.050470,strong_side
2015-04-13,7.749670,6.204700,-0.050330,strong_side
2015-04-14,7.750290,6.202100,-0.049710,inside
2015-04-15,7.751300,6.193700,-0.048700,inside
2015-04-16,7.751350,6.186900,-0.048650,inside
2015-04-19,7.750640,6.186600,-0.049360,inside
2015-04-20,7.749520,6.191900,-0.050480,strong_side
2015-04-21,7.749550,6.191900,-0.050450,strong_side
2015-04-22,7.749630,6.185700,-0.050370,strong_side
2015-04-23,7.749480,6.188700,-0.050520,strong_side
2015-04-26,7.749510,6.184800,-0.050490,strong_side
2015-04-27,7.749750,6.209000,-0.050250,strong_side
2015-04-28,7.749800,6.196500,-0.050200,strong_side
2015-04-29,7.749740,6.190200,-0.050260,strong_side
2015-04-30,7.749960,6.191000,-0.050040,strong_side
2015-05-03,7.750160,6.191000,-0.049840,inside
2015-05-04,7.752530,6.198400,-0.047470,inside
2015-05-05,7.750550,6.195200,-0.049450,inside
2015-05-06,7.751730,6.189000,-0.048270,inside
2015-05-07,7.753040,6.198000,-0.046960,inside
2015-05-10,7.753300,6.198000,-0.046700,inside
2015-05-11,7.751610,6.199200,-0.048390,inside
2015-05-12,7.751230,6.198900,-0.048770,inside
2015-05-13,7.751060,6.194600,-0.048940,inside
2015-05-14,7.751100,6.191600,-0.048900,inside
2015-05-17,7.750270,6.196100,-0.049730,inside
2015-05-18,7.750980,6.194300,-0.049020,inside
2015-05-19,7.751800,6.196700,-0.048200,inside
2015-05-20,7.752130,6.193700,-0.047870,inside
2015-05-21,7.753180,6.186800,-0.046820,inside
2015-05-24,7.751600,6.187400,-0.048400,inside
2015-05-25,7.751350,6.192000,-0.048650,inside
2015-05-26,7.752330,6.193900,-0.047670,inside
2015-05-27,7.756100,6.191300,-0.043900,inside
2015-05-28,7.752690,6.191200,-0.047310,inside
2015-05-31,7.752620,6.188300,-0.047380,inside
2015-06-01,7.754600,6.189500,-0.045400,inside
2015-06-02,7.755110,6.188200,-0.044890,inside
2015-06-03,7.752860,6.187800,-0.047140,inside
2015-06-04,7.751510,6.191100,-0.048490,inside
2015-06-07,7.751870,6.193400,-0.048130,inside
2015-06-08,7.751470,6.195600,-0.048530,inside
2015-06-09,7.753010,6.195700,-0.046990,inside
2015-06-10,7.752070,6.195800,-0.047930,inside
2015-06-11,7.752850,6.196600,-0.047150,inside
2015-06-14,7.752310,6.198300,-0.047690,inside
2015-06-15,7.752100,6.199000,-0.047900,inside
2015-06-16,7.751580,6.198600,-0.048420,inside
2015-06-17,7.751680,6.199600,-0.048320,inside
2015-06-18,7.751900,6.197900,-0.048100,inside
2015-06-21,7.750870,6.199500,-0.049130,inside
2015-06-22,7.750610,6.199500,-0.049390,inside
2015-06-23,7.752420,6.196800,-0.047580,inside
2015-06-24,7.752280,6.197100,-0.047720,inside
2015-06-25,7.751200,6.199400,-0.048800,inside
2015-06-28,7.751940,6.199000,-0.048060,inside
2015-06-29,7.751730,6.198800,-0.048270,inside
2015-06-30,7.750960,6.191000,-0.049040,inside
2015-07-01,7.751560,6.191500,-0.048440,inside
2015-07-02,7.751710,6.194700,-0.048290,inside
2015-07-05,7.752020,6.195700,-0.047980,inside
2015-07-06,7.752810,6.199200,-0.047190,inside
2015-07-07,7.754960,6.200000,-0.045040,inside
2015-07-08,7.751800,6.199000,-0.048200,inside
2015-07-09,7.751300,6.198800,-0.048700,inside
2015-07-12,7.750610,6.199300,-0.049390,inside
2015-07-13,7.751210,6.198400,-0.048790,inside
2015-07-14,7.751160,6.198900,-0.048840,inside
2015-07-15,7.750710,6.199200,-0.049290,inside
2015-07-16,7.750620,6.199500,-0.049380,inside
2015-07-19,7.749720,6.199500,-0.050280,strong_side
2015-07-20,7.750780,6.199800,-0.049220,inside
2015-07-21,7.750430,6.199600,-0.049570,inside
2015-07-22,7.750260,6.199400,-0.049740,inside
2015-07-23,7.750540,6.199500,-0.049460,inside
2015-07-26,7.750640,6.199600,-0.049360,inside
2015-07-27,7.750880,6.199500,-0.049120,inside
2015-07-28,7.750430,6.199400,-0.049570,inside
2015-07-29,7.750530,6.199000,-0.049470,inside
2015-07-30,7.752680,6.199700,-0.047320,inside
2015-08-02,7.751610,6.199800,-0.048390,inside
2015-08-03,7.752850,6.199700,-0.047150,inside
2015-08-04,7.753380,6.199600,-0.046620,inside
2015-08-05,7.751380,6.199700,-0.048620,inside
2015-08-06,7.750560,6.199700,-0.049440,inside
2015-08-09,7.751100,6.199700,-0.048900,inside
2015-08-10,7.752050,6.199700,-0.047950,inside
2015-08-11,7.758850,6.314900,-0.041150,inside
2015-08-12,7.755660,6.377000,-0.044340,inside
2015-08-13,7.754050,6.388900,-0.045950,inside
2015-08-16,7.755160,6.381800,-0.044840,inside
2015-08-17,7.754080,6.384700,-0.045920,inside
2015-08-18,7.754280,6.383800,-0.045720,inside
2015-08-19,7.752480,6.385800,-0.047520,inside
2015-08-20,7.751960,6.379000,-0.048040,inside
2015-08-23,7.751560,6.378900,-0.048440,inside
2015-08-24,7.752680,6.394400,-0.047320,inside
2015-08-25,7.751450,6.402900,-0.048550,inside
2015-08-26,7.750830,6.401000,-0.049170,inside
2015-08-27,7.750260,6.395300,-0.049740,inside
2015-08-30,7.749450,6.378500,-0.050550,strong_side
2015-08-31,7.749960,6.366400,-0.050040,strong_side
2015-09-01,7.749860,6.354500,-0.050140,strong_side
2015-09-02,7.749910,6.345900,-0.050090,strong_side
2015-09-03,7.749670,6.345900,-0.050330,strong_side
2015-09-06,7.749490,6.345900,-0.050510,strong_side
2015-09-07,7.749440,6.355900,-0.050560,strong_side
2015-09-08,7.750930,6.357200,-0.049070,inside
2015-09-09,7.751310,6.367800,-0.048690,inside
2015-09-10,7.749620,6.367200,-0.050380,strong_side
2015-09-13,7.749580,6.365000,-0.050420,strong_side
2015-09-14,7.749860,6.357900,-0.050140,strong_side
2015-09-15,7.749540,6.360000,-0.050460,strong_side
2015-09-16,7.749840,6.360900,-0.050160,strong_side
2015-09-17,7.749500,6.356000,-0.050500,strong_side
2015-09-20,7.749470,6.354300,-0.050530,strong_side
2015-09-21,7.749470,6.359100,-0.050530,strong_side
2015-09-22,7.749450,6.366000,-0.050550,strong_side
2015-09-23,7.749450,6.373700,-0.050550,strong_side
2015-09-24,7.750200,6.373300,-0.049800,inside
2015-09-27,7.749730,6.364100,-0.050270,strong_side
2015-09-28,7.749660,6.358800,-0.050340,strong_side
2015-09-29,7.749620,6.353600,-0.050380,strong_side
2015-09-30,7.749520,6.347100,-0.050480,strong_side
2015-10-01,7.749480,6.346100,-0.050520,strong_side
2015-10-04,7.749480,6.346100,-0.050520,strong_side
2015-10-05,7.749900,6.346100,-0.050100,strong_side
2015-10-06,7.749480,6.346100,-0.050520,strong_side
2015-10-07,7.749490,6.346100,-0.050510,strong_side
2015-10-08,7.749470,6.343500,-0.050530,strong_side
2015-10-11,7.749450,6.335300,-0.050550,strong_side
2015-10-12,7.749500,6.313000,-0.050500,strong_side
2015-10-13,7.749480,6.332300,-0.050520,strong_side
2015-10-14,7.749490,6.337700,-0.050510,strong_side
2015-10-15,7.749470,6.336200,-0.050530,strong_side
2015-10-18,7.749450,6.342600,-0.050550,strong_side
2015-10-19,7.749490,6.350100,-0.050510,strong_side
2015-10-20,7.749950,6.338400,-0.050050,strong_side
2015-10-21,7.749700,6.339300,-0.050300,strong_side
2015-10-22,7.749520,6.348000,-0.050480,strong_side
2015-10-26,7.749490,6.339100,-0.050510,strong_side
2015-10-27,7.749500,6.343200,-0.050500,strong_side
2015-10-28,7.749530,6.343200,-0.050470,strong_side
2015-10-29,7.749520,6.349300,-0.050480,strong_side
2015-10-30,7.749550,6.346700,-0.050450,strong_side
2015-11-02,7.749540,6.308100,-0.050460,strong_side
2015-11-03,7.749590,6.327400,-0.050410,strong_side
2015-11-04,7.750160,6.326100,-0.049840,inside
2015-11-05,7.749960,6.325900,-0.050040,strong_side
2015-11-06,7.750270,6.336200,-0.049730,inside
2015-11-09,7.751660,6.343100,-0.048340,inside
2015-11-10,7.751320,6.352200,-0.048680,inside
2015-11-11,7.750980,6.351800,-0.049020,inside
2015-11-12,7.749950,6.357500,-0.050050,strong_side
2015-11-13,7.749770,6.359300,-0.050230,strong_side
2015-11-16,7.750080,6.363800,-0.049920,inside
2015-11-17,7.750050,6.361200,-0.049950,inside
2015-11-18,7.750510,6.368600,-0.049490,inside
2015-11-19,7.750210,6.374900,-0.049790,inside
2015-11-20,7.750060,6.373000,-0.049940,inside
2015-11-23,7.749690,6.375000,-0.050310,strong_side
2015-11-24,7.749630,6.379300,-0.050370,strong_side
2015-11-25,7.750010,6.379800,-0.049990,inside
2015-11-26,7.749810,6.379200,-0.050190,strong_side
2015-11-27,7.749810,6.379600,-0.050190,strong_side
2015-11-30,7.749950,6.385000,-0.050050,strong_side
2015-12-01,7.752010,6.388200,-0.047990,inside
2015-12-02,7.751090,6.388800,-0.048910,inside
2015-12-03,7.749670,6.388800,-0.050330,strong_side
2015-12-04,7.749400,6.387500,-0.050600,strong_side
2015-12-07,7.749480,6.391100,-0.050520,strong_side
2015-12-08,7.749950,6.398200,-0.050050,strong_side
2015-12-09,7.749570,6.407200,-0.050430,strong_side
2015-12-10,7.750110,6.418000,-0.049890,inside
2015-12-11,7.749570,6.427800,-0.050430,strong_side
2015-12-14,7.749600,6.445300,-0.050400,strong_side
2015-12-15,7.749460,6.449000,-0.050540,strong_side
2015-12-16,7.750240,6.451000,-0.049760,inside
2015-12-17,7.749770,6.463300,-0.050230,strong_side
2015-12-18,7.752200,6.473700,-0.047800,inside
2015-12-21,7.752160,6.471500,-0.047840,inside
2015-12-22,7.751960,6.470800,-0.048040,inside
2015-12-23,7.751910,6.468800,-0.048090,inside
2015-12-24,7.750250,6.467800,-0.049750,inside
2015-12-25,7.750910,6.467300,-0.049090,inside
2015-12-28,7.750400,6.467300,-0.049600,inside
2015-12-29,7.750310,6.478700,-0.049690,inside
2015-12-30,7.750060,6.474800,-0.049940,inside
2015-12-31,7.750710,6.481200,-0.049290,inside
2016-01-01,7.750110,6.483700,-0.049890,inside
2016-01-04,7.750370,6.483700,-0.049630,inside
2016-01-05,7.751260,6.525400,-0.048740,inside
2016-01-06,7.751110,6.512500,-0.048890,inside
2016-01-07,7.752160,6.546700,-0.047840,inside
2016-01-08,7.754760,6.582900,-0.045240,inside
2016-01-11,7.762230,6.586500,-0.037770,inside
2016-01-12,7.762890,6.559500,-0.037110,inside
2016-01-13,7.761660,6.562500,-0.038340,inside
2016-01-14,7.759860,6.565400,-0.040140,inside
2016-01-15,7.781360,6.580200,-0.018640,inside
2016-01-18,7.792300,6.574900,-0.007700,inside
2016-01-19,7.801180,6.568900,0.001180,inside
2016-01-20,7.821760,6.568600,0.021760,inside
2016-01-21,7.818540,6.568400,0.018540,inside
2016-01-22,7.811730,6.570000,0.011730,inside
2016-01-25,7.797370,6.569100,-0.002630,inside
2016-01-26,7.794020,6.569400,-0.005980,inside
2016-01-27,7.793030,6.572500,-0.006970,inside
2016-01-28,7.792440,6.567800,-0.007560,inside
2016-01-29,7.793410,6.565200,-0.006590,inside
2016-02-01,7.783230,6.566100,-0.016770,inside
2016-02-02,7.778910,6.568400,-0.021090,inside
2016-02-03,7.793230,6.569800,-0.006770,inside
2016-02-04,7.791500,6.567000,-0.008500,inside
2016-02-05,7.788000,6.554800,-0.012000,inside
2016-02-08,7.789340,6.563900,-0.010660,inside
2016-02-09,7.792400,6.563900,-0.007600,inside
2016-02-10,7.793980,6.563900,-0.006020,inside
2016-02-11,7.791650,6.563900,-0.008350,inside
2016-02-12,7.790280,6.563900,-0.009720,inside
2016-02-15,7.787920,6.563900,-0.012080,inside
2016-02-16,7.785150,6.486200,-0.014850,inside
2016-02-17,7.790550,6.506900,-0.009450,inside
2016-02-18,7.786250,6.518300,-0.013750,inside
2016-02-19,7.778500,6.508800,-0.021500,inside
2016-02-22,7.772240,6.512400,-0.027760,inside
2016-02-23,7.768800,6.511800,-0.031200,inside
2016-02-24,7.768210,6.517100,-0.031790,inside
2016-02-25,7.768630,6.521700,-0.031370,inside
2016-02-26,7.770350,6.523500,-0.029650,inside
2016-02-29,7.776220,6.530400,-0.023780,inside
2016-03-01,7.775090,6.544000,-0.024910,inside
2016-03-02,7.772170,6.542100,-0.027830,inside
2016-03-03,7.772800,6.541000,-0.027200,inside
2016-03-04,7.768680,6.521500,-0.031320,inside
2016-03-07,7.761990,6.498100,-0.038010,inside
2016-03-08,7.765230,6.506800,-0.034770,inside
2016-03-09,7.765450,6.494700,-0.034550,inside
2016-03-10,7.765600,6.503000,-0.034400,inside
2016-03-11,7.762900,6.498600,-0.037100,inside
2016-03-14,7.759160,6.485300,-0.040840,inside
2016-03-15,7.758050,6.490000,-0.041950,inside
2016-03-16,7.759190,6.504500,-0.040810,inside
2016-03-17,7.758430,6.512000,-0.041570,inside
2016-03-18,7.756020,6.465000,-0.043980,inside
2016-03-21,7.754280,6.461600,-0.045720,inside
2016-03-22,7.752950,6.474600,-0.047050,inside
2016-03-23,7.753130,6.480100,-0.046870,inside
2016-03-24,7.755210,6.496300,-0.044790,inside
2016-03-25,7.758580,6.504700,-0.041420,inside
2016-03-27,7.756820,6.526500,-0.043180,inside
2016-03-28,7.757100,6.501000,-0.042900,inside
2016-03-29,7.755700,6.504900,-0.044300,inside
2016-03-30,7.753700,6.455100,-0.046300,inside
2016-03-31,7.755950,6.439000,-0.044050,inside
2016-04-03,7.754030,6.468600,-0.045970,inside
2016-04-04,7.753360,6.468600,-0.046640,inside
2016-04-05,7.756040,6.467300,-0.043960,inside
2016-04-06,7.756180,6.470900,-0.043820,inside
2016-04-07,7.758780,6.453000,-0.041220,inside
2016-04-10,7.758370,6.455800,-0.041630,inside
2016-04-11,7.755100,6.449500,-0.044900,inside
2016-04-12,7.754550,6.455600,-0.045450,inside
2016-04-13,7.756050,6.468400,-0.043950,inside
2016-04-14,7.756500,6.472600,-0.043500,inside
2016-04-17,7.754950,6.465600,-0.045050,inside
2016-04-18,7.754940,6.465200,-0.045060,inside
2016-04-19,7.755150,6.448100,-0.044850,inside
2016-04-20,7.755800,6.460800,-0.044200,inside
2016-04-21,7.757400,6.471900,-0.042600,inside
2016-04-24,7.756450,6.491000,-0.043550,inside
2016-04-25,7.755900,6.483000,-0.044100,inside
2016-04-26,7.755750,6.483500,-0.044250,inside
2016-04-27,7.756800,6.485000,-0.043200,inside
2016-04-28,7.757650,6.465900,-0.042350,inside
2016-05-01,7.756920,6.464100,-0.043080,inside
2016-05-02,7.759350,6.464100,-0.040650,inside
2016-05-03,7.762080,6.481800,-0.037920,inside
2016-05-04,7.762200,6.484800,-0.037800,inside
2016-05-05,7.761150,6.493500,-0.038850,inside
2016-05-08,7.760510,6.490200,-0.039490,inside
2016-05-09,7.763450,6.506900,-0.036550,inside
2016-05-10,7.761500,6.508300,-0.038500,inside
2016-05-11,7.760400,6.482000,-0.039600,inside
2016-05-12,7.760300,6.506800,-0.039700,inside
2016-05-15,7.763940,6.522000,-0.036060,inside
2016-05-16,7.763540,6.521300,-0.036460,inside
2016-05-17,7.761600,6.518600,-0.038400,inside
2016-05-18,7.765480,6.528800,-0.034520,inside
2016-05-19,7.767070,6.537000,-0.032930,inside
2016-05-22,7.768180,6.536700,-0.031820,inside
2016-05-23,7.767250,6.545700,-0.032750,inside
2016-05-24,7.768250,6.547200,-0.031750,inside
2016-05-25,7.764480,6.544100,-0.035520,inside
2016-05-26,7.765560,6.547000,-0.034440,inside
2016-05-29,7.765760,6.553300,-0.034240,inside
2016-05-30,7.768380,6.573300,-0.031620,inside
2016-05-31,7.768850,6.572900,-0.031150,inside
2016-06-01,7.770100,6.565100,-0.029900,inside
2016-06-02,7.770650,6.574500,-0.029350,inside
2016-06-05,7.767980,6.554800,-0.032020,inside
2016-06-06,7.767700,6.553800,-0.032300,inside
2016-06-07,7.766000,6.561500,-0.034000,inside
2016-06-08,7.760350,6.552500,-0.039650,inside
2016-06-09,7.761980,6.552000,-0.038020,inside
2016-06-12,7.762760,6.552000,-0.037240,inside
2016-06-13,7.763100,6.575700,-0.036900,inside
2016-06-14,7.761100,6.586500,-0.038900,inside
2016-06-15,7.760020,6.571800,-0.039980,inside
2016-06-16,7.759100,6.582000,-0.040900,inside
2016-06-19,7.759690,6.578400,-0.040310,inside
2016-06-20,7.760850,6.567100,-0.039150,inside
2016-06-21,7.759050,6.580300,-0.040950,inside
2016-06-22,7.757220,6.567500,-0.042780,inside
2016-06-23,7.756700,6.567300,-0.043300,inside
2016-06-26,7.760020,6.611800,-0.039980,inside
2016-06-27,7.759550,6.641600,-0.040450,inside
2016-06-28,7.758300,6.638100,-0.041700,inside
2016-06-29,7.758750,6.626800,-0.041250,inside
2016-06-30,7.759600,6.638100,-0.040400,inside
2016-07-03,7.757780,6.645700,-0.042220,inside
2016-07-04,7.757950,6.655300,-0.042050,inside
2016-07-05,7.758330,6.669700,-0.041670,inside
2016-07-06,7.758400,6.683000,-0.041600,inside
2016-07-07,7.757900,6.671100,-0.042100,inside
2016-07-10,7.757680,6.678100,-0.042320,inside
2016-07-11,7.758230,6.683900,-0.041770,inside
2016-07-12,7.758420,6.678600,-0.041580,inside
2016-07-13,7.756060,6.676300,-0.043940,inside
2016-07-14,7.754600,6.673600,-0.045400,inside
2016-07-17,7.754100,6.676100,-0.045900,inside
2016-07-18,7.754550,6.704600,-0.045450,inside
2016-07-19,7.755280,6.695400,-0.044720,inside
2016-07-20,7.755750,6.676600,-0.044250,inside
2016-07-21,7.755800,6.674400,-0.044200,inside
2016-07-24,7.757030,6.693900,-0.042970,inside
2016-07-25,7.756700,6.679300,-0.043300,inside
2016-07-26,7.756700,6.669700,-0.043300,inside
2016-07-27,7.756600,6.666800,-0.043400,inside
2016-07-28,7.756200,6.656100,-0.043800,inside
2016-07-31,7.757980,6.642300,-0.042020,inside
2016-08-01,7.760600,6.641500,-0.039400,inside
2016-08-02,7.760220,6.628700,-0.039780,inside
2016-08-03,7.759250,6.630800,-0.040750,inside
2016-08-04,7.755750,6.638700,-0.044250,inside
2016-08-07,7.755270,6.673700,-0.044730,inside
2016-08-08,7.756870,6.660400,-0.043130,inside
2016-08-09,7.756600,6.655200,-0.043400,inside
2016-08-10,7.756400,6.639200,-0.043600,inside
2016-08-11,7.756600,6.626000,-0.043400,inside
2016-08-14,7.756800,6.644900,-0.043200,inside
2016-08-15,7.756800,6.635400,-0.043200,inside
2016-08-16,7.754380,6.624800,-0.045620,inside
2016-08-17,7.754300,6.634000,-0.045700,inside
2016-08-18,7.753600,6.612000,-0.046400,inside
2016-08-21,7.754800,6.634400,-0.045200,inside
2016-08-22,7.753500,6.647500,-0.046500,inside
2016-08-23,7.753200,6.640800,-0.046800,inside
2016-08-24,7.753700,6.658400,-0.046300,inside
2016-08-25,7.755100,6.659400,-0.044900,inside
2016-08-28,7.756700,6.678900,-0.043300,inside
2016-08-29,7.755200,6.675200,-0.044800,inside
2016-08-30,7.757580,6.680400,-0.042420,inside
2016-08-31,7.756350,6.677600,-0.043650,inside
2016-09-01,7.757100,6.668200,-0.042900,inside
2016-09-04,7.755400,6.679800,-0.044600,inside
2016-09-05,7.754990,6.675900,-0.045010,inside
2016-09-06,7.755100,6.674300,-0.044900,inside
2016-09-07,7.755450,6.662600,-0.044550,inside
2016-09-08,7.756200,6.662800,-0.043800,inside
2016-09-11,7.756500,6.679900,-0.043500,inside
2016-09-12,7.757290,6.678700,-0.042710,inside
2016-09-13,7.758020,6.676400,-0.041980,inside
2016-09-14,7.757600,6.673200,-0.042400,inside
2016-09-15,7.758600,6.671200,-0.041400,inside
2016-09-18,7.758500,6.670700,-0.041500,inside
2016-09-19,7.757600,6.666200,-0.042400,inside
2016-09-20,7.757000,6.669500,-0.043000,inside
2016-09-21,7.755100,6.673600,-0.044900,inside
2016-09-22,7.755200,6.663800,-0.044800,inside
2016-09-25,7.755950,6.657200,-0.044050,inside
2016-09-26,7.755300,6.667700,-0.044700,inside
2016-09-27,7.754900,6.669800,-0.045100,inside
2016-09-28,7.754100,6.675200,-0.045900,inside
2016-09-29,7.754910,6.668700,-0.045090,inside
2016-10-02,7.755600,6.638100,-0.044400,inside
2016-10-03,7.755100,6.673200,-0.044900,inside
2016-10-04,7.756300,6.670800,-0.043700,inside
2016-10-05,7.757150,6.673000,-0.042850,inside
2016-10-06,7.757000,6.673700,-0.043000,inside
2016-10-09,7.758100,6.676900,-0.041900,inside
2016-10-10,7.758300,6.707700,-0.041700,inside
2016-10-11,7.758800,6.723500,-0.041200,inside
2016-10-12,7.757500,6.718800,-0.042500,inside
2016-10-13,7.757150,6.729300,-0.042850,inside
2016-10-16,7.758500,6.731000,-0.041500,inside
2016-10-17,7.758750,6.731500,-0.041250,inside
2016-10-18,7.759300,6.743000,-0.040700,inside
2016-10-19,7.758200,6.735400,-0.041800,inside
2016-10-20,7.757680,6.743000,-0.042320,inside
2016-10-23,7.758800,6.766300,-0.041200,inside
2016-10-24,7.757300,6.776200,-0.042700,inside
2016-10-25,7.756500,6.780600,-0.043500,inside
2016-10-26,7.756150,6.769700,-0.043850,inside
2016-10-27,7.754700,6.784800,-0.045300,inside
2016-10-31,7.754400,6.783400,-0.045600,inside
2016-11-01,7.754900,6.774600,-0.045100,inside
2016-11-02,7.754900,6.766300,-0.045100,inside
2016-11-03,7.755150,6.747100,-0.044850,inside
2016-11-04,7.755100,6.766200,-0.044900,inside
2016-11-07,7.755700,6.755500,-0.044300,inside
2016-11-08,7.755350,6.774100,-0.044650,inside
2016-11-09,7.754200,6.784800,-0.045800,inside
2016-11-10,7.755400,6.778700,-0.044600,inside
2016-11-11,7.755900,6.801700,-0.044100,inside
2016-11-14,7.757990,6.805100,-0.042010,inside
2016-11-15,7.757800,6.845700,-0.042200,inside
2016-11-16,7.757200,6.858100,-0.042800,inside
2016-11-17,7.757100,6.789200,-0.042900,inside
2016-11-18,7.757060,6.876600,-0.042940,inside
2016-11-21,7.756900,6.892500,-0.043100,inside
2016-11-22,7.755800,6.888900,-0.044200,inside
2016-11-23,7.755700,6.889300,-0.044300,inside
2016-11-24,7.756500,6.910200,-0.043500,inside
2016-11-25,7.756100,6.918200,-0.043900,inside
2016-11-28,7.756000,6.921700,-0.044000,inside
2016-11-29,7.756100,6.906300,-0.043900,inside
2016-11-30,7.756300,6.897300,-0.043700,inside
2016-12-01,7.755800,6.890800,-0.044200,inside
2016-12-02,7.755600,6.876500,-0.044400,inside
2016-12-05,7.755500,6.885500,-0.044500,inside
2016-12-06,7.754600,6.871000,-0.045400,inside
2016-12-07,7.755200,6.872000,-0.044800,inside
2016-12-08,7.755800,6.870500,-0.044200,inside
2016-12-09,7.755750,6.869900,-0.044250,inside
2016-12-12,7.759400,6.906700,-0.040600,inside
2016-12-13,7.758100,6.896900,-0.041900,inside
2016-12-14,7.756200,6.891700,-0.043800,inside
2016-12-15,7.758200,6.903800,-0.041800,inside
2016-12-16,7.760050,6.934300,-0.039950,inside
2016-12-19,7.764900,6.958300,-0.035100,inside
2016-12-20,7.766300,6.953000,-0.033700,inside
2016-12-21,7.765240,6.949800,-0.034760,inside
2016-12-22,7.760850,6.941400,-0.039150,inside
2016-12-23,7.762070,6.940400,-0.037930,inside
2016-12-26,7.759500,6.945300,-0.040500,inside
2016-12-27,7.760000,6.944700,-0.040000,inside
2016-12-28,7.759780,6.942500,-0.040220,inside
2016-12-29,7.757430,6.958100,-0.042570,inside
2016-12-30,7.755000,6.945300,-0.045000,inside
2017-01-02,7.755000,6.943800,-0.045000,inside
2017-01-03,7.757880,6.944000,-0.042120,inside
2017-01-04,7.756300,6.959800,-0.043700,inside
2017-01-05,7.754960,6.925100,-0.045040,inside
2017-01-06,7.754400,6.887900,-0.045600,inside
2017-01-09,7.754910,6.917500,-0.045090,inside
2017-01-10,7.756000,6.936700,-0.044000,inside
2017-01-11,7.754450,6.921200,-0.045550,inside
2017-01-12,7.754600,6.936100,-0.045400,inside
2017-01-13,7.754200,6.894900,-0.045800,inside
2017-01-16,7.754780,6.898800,-0.045220,inside
2017-01-17,7.755200,6.891000,-0.044800,inside
2017-01-18,7.755510,6.844600,-0.044490,inside
2017-01-19,7.755960,6.838000,-0.044040,inside
2017-01-20,7.756800,6.861300,-0.043200,inside
2017-01-23,7.757700,6.875500,-0.042300,inside
2017-01-24,7.756640,6.844000,-0.043360,inside
2017-01-25,7.757290,6.849000,-0.042710,inside
2017-01-26,7.756670,6.873600,-0.043330,inside
2017-01-27,7.757100,6.878400,-0.042900,inside
2017-01-30,7.758240,6.883000,-0.041760,inside
2017-01-31,7.758100,6.880700,-0.041900,inside
2017-02-01,7.757700,6.878700,-0.042300,inside
2017-02-02,7.758680,6.880900,-0.041320,inside
2017-02-03,7.758670,6.880000,-0.041330,inside
2017-02-06,7.757460,6.872200,-0.042540,inside
2017-02-07,7.757540,6.863600,-0.042460,inside
2017-02-08,7.757970,6.884500,-0.042030,inside
2017-02-09,7.759260,6.872500,-0.040740,inside
2017-02-10,7.757170,6.868600,-0.042830,inside
2017-02-13,7.757350,6.895200,-0.042650,inside
2017-02-14,7.758280,6.879500,-0.041720,inside
2017-02-15,7.758650,6.866800,-0.041350,inside
2017-02-16,7.758840,6.868400,-0.041160,inside
2017-02-17,7.759020,6.852600,-0.040980,inside
2017-02-20,7.760420,6.855700,-0.039580,inside
2017-02-21,7.760700,6.878100,-0.039300,inside
2017-02-22,7.760250,6.882600,-0.039750,inside
2017-02-23,7.759820,6.873700,-0.040180,inside
2017-02-24,7.758770,6.865500,-0.041230,inside
2017-02-27,7.760060,6.900700,-0.039940,inside
2017-02-28,7.761220,6.870100,-0.038780,inside
2017-03-01,7.762000,6.866400,-0.038000,inside
2017-03-02,7.762230,6.882200,-0.037770,inside
2017-03-03,7.761600,6.887600,-0.038400,inside
2017-03-06,7.762470,6.896200,-0.037530,inside
2017-03-07,7.764150,6.896700,-0.035850,inside
2017-03-08,7.764300,6.902300,-0.035700,inside
2017-03-09,7.766300,6.911900,-0.033700,inside
2017-03-10,7.764600,6.910200,-0.035400,inside
2017-03-13,7.764540,6.856600,-0.035460,inside
2017-03-14,7.764850,6.913000,-0.035150,inside
2017-03-15,7.767150,6.914500,-0.032850,inside
2017-03-16,7.765140,6.913600,-0.034860,inside
2017-03-17,7.763350,6.896700,-0.036650,inside
2017-03-20,7.761550,6.904100,-0.038450,inside
2017-03-21,7.765050,6.906000,-0.034950,inside
2017-03-22,7.765550,6.884900,-0.034450,inside
2017-03-23,7.765650,6.883000,-0.034350,inside
2017-03-24,7.767500,6.885800,-0.032500,inside
2017-03-26,7.765910,6.853500,-0.034090,inside
2017-03-27,7.767200,6.872100,-0.032800,inside
2017-03-28,7.767720,6.878300,-0.032280,inside
2017-03-29,7.768900,6.887700,-0.031100,inside
2017-03-30,7.770070,6.889000,-0.029930,inside
2017-04-02,7.770100,6.880200,-0.029900,inside
2017-04-03,7.771200,6.883900,-0.028800,inside
2017-04-04,7.770130,6.885200,-0.029870,inside
2017-04-05,7.768610,6.893900,-0.031390,inside
2017-04-06,7.769600,6.897800,-0.030400,inside
2017-04-09,7.768290,6.905700,-0.031710,inside
2017-04-10,7.769900,6.903300,-0.030100,inside
2017-04-11,7.770120,6.890800,-0.029880,inside
2017-04-12,7.770260,6.890900,-0.029740,inside
2017-04-13,7.772980,6.886500,-0.027020,inside
2017-04-16,7.772750,6.891000,-0.027250,inside
2017-04-17,7.771510,6.868600,-0.028490,inside
2017-04-18,7.773800,6.881900,-0.026200,inside
2017-04-19,7.773450,6.886000,-0.026550,inside
2017-04-20,7.774600,6.881700,-0.025400,inside
2017-04-23,7.774970,6.792100,-0.025030,inside
2017-04-24,7.778550,6.882500,-0.021450,inside
2017-04-25,7.780700,6.881700,-0.019300,inside
2017-04-26,7.779990,6.892100,-0.020010,inside
2017-04-27,7.780090,6.896900,-0.019910,inside
2017-04-30,7.776840,6.912100,-0.023160,inside
2017-05-01,7.778500,6.893000,-0.021500,inside
2017-05-02,7.780480,6.893500,-0.019520,inside
2017-05-03,7.780900,6.896700,-0.019100,inside
2017-05-04,7.782620,6.895400,-0.017380,inside
2017-05-07,7.782960,6.884700,-0.017040,inside
2017-05-08,7.784400,6.904500,-0.015600,inside
2017-05-09,7.783900,6.907100,-0.016100,inside
2017-05-10,7.786100,6.903000,-0.013900,inside
2017-05-11,7.789210,6.903700,-0.010790,inside
2017-05-14,7.792930,6.902100,-0.007070,inside
2017-05-15,7.786500,6.894000,-0.013500,inside
2017-05-16,7.787200,6.888600,-0.012800,inside
2017-05-17,7.785600,6.881300,-0.014400,inside
2017-05-18,7.783130,6.889100,-0.016870,inside
2017-05-21,7.782200,6.853900,-0.017800,inside
2017-05-22,7.784660,6.884400,-0.015340,inside
2017-05-23,7.787080,6.891200,-0.012920,inside
2017-05-24,7.787780,6.890000,-0.012220,inside
2017-05-25,7.790490,6.867700,-0.009510,inside
2017-05-28,7.791650,6.857000,-0.008350,inside
2017-05-29,7.794100,6.856200,-0.005900,inside
2017-05-30,7.792120,6.855800,-0.007880,inside
2017-05-31,7.791300,6.811200,-0.008700,inside
2017-06-01,7.790850,6.808600,-0.009150,inside
2017-06-04,7.789780,6.812800,-0.010220,inside
2017-06-05,7.792300,6.802800,-0.007700,inside
2017-06-06,7.793300,6.795700,-0.006700,inside
2017-06-07,7.794000,6.797500,-0.006000,inside
2017-06-08,7.796500,6.799200,-0.003500,inside
2017-06-11,7.796070,6.784800,-0.003930,inside
2017-06-12,7.799000,6.797600,-0.001000,inside
2017-06-13,7.797500,6.798800,-0.002500,inside
2017-06-14,7.798500,6.791000,-0.001500,inside
2017-06-15,7.801450,6.808500,0.001450,inside
2017-06-18,7.800100,6.803400,0.000100,inside
2017-06-19,7.798800,6.819700,-0.001200,inside
2017-06-20,7.799340,6.826400,-0.000660,inside
2017-06-21,7.799800,6.828300,-0.000200,inside
2017-06-22,7.798800,6.834600,-0.001200,inside
2017-06-25,7.799200,6.834200,-0.000800,inside
2017-06-26,7.799100,6.839800,-0.000900,inside
2017-06-27,7.800200,6.812600,0.000200,inside
2017-06-28,7.803500,6.800000,0.003500,inside
2017-06-29,7.804160,6.785700,0.004160,inside
2017-07-02,7.807300,6.778100,0.007300,inside
2017-07-03,7.809940,6.799800,0.009940,inside
2017-07-04,7.807510,6.798700,0.007510,inside
2017-07-05,7.806420,6.800800,0.006420,inside
2017-07-06,7.809410,6.799900,0.009410,inside
2017-07-09,7.810950,6.802900,0.010950,inside
2017-07-11,7.811630,6.801700,0.011630,inside
2017-07-12,7.810100,6.788000,0.010100,inside
2017-07-13,7.808400,6.782600,0.008400,inside
2017-07-16,7.804120,6.740500,0.004120,inside
2017-07-17,7.803200,6.769500,0.003200,inside
2017-07-18,7.804540,6.745400,0.004540,inside
2017-07-19,7.807620,6.751300,0.007620,inside
2017-07-20,7.809550,6.758900,0.009550,inside
2017-07-23,7.808400,6.719700,0.008400,inside
2017-07-24,7.806180,6.750100,0.006180,inside
2017-07-25,7.807940,6.749800,0.007940,inside
2017-07-26,7.808540,6.754000,0.008540,inside
2017-07-27,7.808330,6.740000,0.008330,inside
2017-07-30,7.808900,6.738900,0.008900,inside
2017-07-31,7.809810,6.725500,0.009810,inside
2017-08-01,7.813000,6.713700,0.013000,inside
2017-08-02,7.815810,6.721700,0.015810,inside
2017-08-03,7.817200,6.715600,0.017200,inside
2017-08-06,7.817960,6.765700,0.017960,inside
2017-08-07,7.821000,6.721500,0.021000,inside
2017-08-08,7.823700,6.709800,0.023700,inside
2017-08-09,7.814320,6.671800,0.014320,inside
2017-08-10,7.817070,6.645800,0.017070,inside
2017-08-13,7.818550,6.662000,0.018550,inside
2017-08-14,7.820500,6.668700,0.020500,inside
2017-08-15,7.822550,6.684400,0.022550,inside
2017-08-16,7.820670,6.689700,0.020670,inside
2017-08-17,7.823000,6.677700,0.023000,inside
2017-08-20,7.822740,6.668700,0.022740,inside
2017-08-21,7.823090,6.665900,0.023090,inside
2017-08-22,7.826100,6.661700,0.026100,inside
2017-08-23,7.824410,6.658300,0.024410,inside
2017-08-24,7.823010,6.661300,0.023010,inside
2017-08-27,7.820700,6.582900,0.020700,inside
2017-08-28,7.823280,6.607400,0.023280,inside
2017-08-29,7.823680,6.595400,0.023680,inside
2017-08-30,7.824700,6.595700,0.024700,inside
2017-08-31,7.825000,6.589800,0.025000,inside
2017-09-03,7.824110,6.546500,0.024110,inside
2017-09-04,7.825000,6.529900,0.025000,inside
2017-09-05,7.824970,6.537400,0.024970,inside
2017-09-06,7.824470,6.521200,0.024470,inside
2017-09-07,7.812500,6.484600,0.012500,inside
2017-09-10,7.811780,6.530900,0.011780,inside
2017-09-11,7.812040,6.530400,0.012040,inside
2017-09-12,7.812340,6.535000,0.012340,inside
2017-09-13,7.811500,6.542200,0.011500,inside
2017-09-14,7.813400,6.554800,0.013400,inside
2017-09-17,7.817240,6.550700,0.017240,inside
2017-09-18,7.816100,6.573100,0.016100,inside
2017-09-19,7.803840,6.583300,0.003840,inside
2017-09-20,7.800500,6.574900,0.000500,inside
2017-09-21,7.803910,6.590000,0.003910,inside
2017-09-24,7.808690,6.604600,0.008690,inside
2017-09-25,7.813150,6.620500,0.013150,inside
2017-09-26,7.811660,6.639600,0.011660,inside
2017-09-27,7.808580,6.640500,0.008580,inside
2017-09-28,7.810700,6.665000,0.010700,inside
2017-10-01,7.809090,6.657800,0.009090,inside
2017-10-02,7.810300,6.651700,0.010300,inside
2017-10-03,7.811080,6.651100,0.011080,inside
2017-10-04,7.806780,6.653800,0.006780,inside
2017-10-05,7.808800,6.653900,0.008800,inside
2017-10-08,7.804900,6.650000,0.004900,inside
2017-10-09,7.805180,6.625300,0.005180,inside
2017-10-10,7.804000,6.571400,0.004000,inside
2017-10-11,7.805230,6.589500,0.005230,inside
2017-10-12,7.807580,6.588000,0.007580,inside
2017-10-15,7.806400,6.583300,0.006400,inside
2017-10-16,7.808000,6.588500,0.008000,inside
2017-10-17,7.807900,6.622000,0.007900,inside
2017-10-18,7.807700,6.627800,0.007700,inside
2017-10-19,7.800390,6.614100,0.000390,inside
2017-10-22,7.801700,6.638800,0.001700,inside
2017-10-23,7.800530,6.638300,0.000530,inside
2017-10-24,7.803850,6.636000,0.003850,inside
2017-10-25,7.803300,6.637600,0.003300,inside
2017-10-26,7.801230,6.641100,0.001230,inside
2017-10-30,7.802900,6.659000,0.002900,inside
2017-10-31,7.799300,6.642400,-0.000700,inside
2017-11-01,7.800750,6.635800,0.000750,inside
2017-11-02,7.801000,6.599400,0.001000,inside
2017-11-03,7.802400,6.608100,0.002400,inside
2017-11-06,7.801850,6.638000,0.001850,inside
2017-11-07,7.801300,6.633500,0.001300,inside
2017-11-08,7.803600,6.639800,0.003600,inside
2017-11-09,7.796830,6.626600,-0.003170,inside
2017-11-10,7.798260,6.630300,-0.001740,inside
2017-11-13,7.802300,6.639300,0.002300,inside
2017-11-14,7.801100,6.638600,0.001100,inside
2017-11-15,7.803200,6.635600,0.003200,inside
2017-11-17,7.809600,6.627700,0.009600,inside
2017-11-20,7.811700,6.661900,0.011700,inside
2017-11-21,7.811080,6.633500,0.011080,inside
2017-11-22,7.811100,6.629200,0.011100,inside
2017-11-23,7.810600,6.610900,0.010600,inside
2017-11-24,7.810670,6.583300,0.010670,inside
2017-11-27,7.807930,6.601200,0.007930,inside
2017-11-28,7.800280,6.595300,0.000280,inside
2017-11-29,7.803200,6.609400,0.003200,inside
2017-11-30,7.808400,6.608300,0.008400,inside
2017-12-01,7.809710,6.612100,0.009710,inside
2017-12-04,7.811300,6.634600,0.011300,inside
2017-12-05,7.816700,6.618900,0.016700,inside
2017-12-06,7.813700,6.616800,0.013700,inside
2017-12-07,7.811500,6.614400,0.011500,inside
2017-12-08,7.806750,6.618000,0.006750,inside
2017-12-11,7.807200,6.618300,0.007200,inside
2017-12-12,7.806800,6.617100,0.006800,inside
2017-12-13,7.806170,6.620400,0.006170,inside
2017-12-14,7.804500,6.618700,0.004500,inside
2017-12-15,7.808700,6.608600,0.008700,inside
2017-12-18,7.811500,6.614900,0.011500,inside
2017-12-19,7.815300,6.614200,0.015300,inside
2017-12-20,7.818980,6.605000,0.018980,inside
2017-12-21,7.821740,6.579700,0.021740,inside
2017-12-22,7.818900,6.585400,0.018900,inside
2017-12-25,7.816800,6.578600,0.016800,inside
2017-12-26,7.814300,6.538800,0.014300,inside
2017-12-27,7.810700,6.543100,0.010700,inside
2017-12-28,7.811400,6.554700,0.011400,inside
2017-12-29,7.816800,6.531600,0.016800,inside
2018-01-01,7.813600,6.505700,0.013600,inside
2018-01-02,7.813600,6.505800,0.013600,inside
2018-01-03,7.816300,6.494000,0.016300,inside
2018-01-04,7.816900,6.503100,0.016900,inside
2018-01-05,7.817600,6.493300,0.017600,inside
2018-01-08,7.819310,6.487500,0.019310,inside
2018-01-09,7.821500,6.497600,0.021500,inside
2018-01-10,7.821700,6.529400,0.021700,inside
2018-01-11,7.822100,6.507200,0.022100,inside
2018-01-12,7.823500,6.490200,0.023500,inside
2018-01-15,7.822160,6.456200,0.022160,inside
2018-01-16,7.823650,6.435200,0.023650,inside
2018-01-17,7.823500,6.442300,0.023500,inside
2018-01-18,7.817650,6.432100,0.017650,inside
2018-01-19,7.817400,6.420600,0.017400,inside
2018-01-22,7.816390,6.403000,0.016390,inside
2018-01-23,7.818250,6.404400,0.018250,inside
2018-01-24,7.818530,6.402900,0.018530,inside
2018-01-25,7.817600,6.369300,0.017600,inside
2018-01-26,7.817500,6.322800,0.017500,inside
2018-01-29,7.817340,6.315900,0.017340,inside
2018-01-30,7.817500,6.336300,0.017500,inside
2018-01-31,7.820570,6.321100,0.020570,inside
2018-02-01,7.821200,6.288200,0.021200,inside
2018-02-02,7.819800,6.298400,0.019800,inside
2018-02-05,7.820800,6.307600,0.020800,inside
2018-02-06,7.819500,6.289700,0.019500,inside
2018-02-07,7.818310,6.282500,0.018310,inside
2018-02-08,7.818000,6.267600,0.018000,inside
2018-02-09,7.819800,6.326300,0.019800,inside
2018-02-12,7.817790,6.286900,0.017790,inside
2018-02-13,7.819400,6.326500,0.019400,inside
2018-02-14,7.821100,6.340000,0.021100,inside
2018-02-15,7.821800,6.346000,0.021800,inside
2018-02-16,7.820000,6.347200,0.020000,inside
2018-02-19,7.821600,6.340100,0.021600,inside
2018-02-20,7.821800,6.348400,0.021800,inside
2018-02-21,7.824000,6.346200,0.024000,inside
2018-02-22,7.825200,6.346600,0.025200,inside
2018-02-23,7.824400,6.350200,0.024400,inside
2018-02-26,7.823120,6.327300,0.023120,inside
2018-02-27,7.822960,6.314100,0.022960,inside
2018-02-28,7.827500,6.316700,0.027500,inside
2018-03-01,7.825810,6.330900,0.025810,inside
2018-03-02,7.827000,6.357400,0.027000,inside
2018-03-05,7.831100,6.350300,0.031100,inside
2018-03-06,7.832200,6.348900,0.032200,inside
2018-03-07,7.833900,6.309400,0.033900,inside
2018-03-08,7.834300,6.325000,0.034300,inside
2018-03-09,7.839700,6.341600,0.039700,inside
2018-03-12,7.836800,6.328500,0.036800,inside
2018-03-13,7.839600,6.329100,0.039600,inside
2018-03-14,7.839400,6.320400,0.039400,inside
2018-03-15,7.840200,6.316000,0.040200,inside
2018-03-16,7.841700,6.320900,0.041700,inside
2018-03-19,7.843200,6.338200,0.043200,inside
2018-03-20,7.842700,6.331600,0.042700,inside
2018-03-21,7.844800,6.332900,0.044800,inside
2018-03-22,7.844700,6.320600,0.044700,inside
2018-03-23,7.848200,6.334700,0.048200,inside
2018-03-25,7.845900,6.320000,0.045900,inside
2018-03-26,7.846400,6.272400,0.046400,inside
2018-03-27,7.846500,6.281800,0.046500,inside
2018-03-28,7.846500,6.295600,0.046500,inside
2018-03-29,7.848400,6.288900,0.048400,inside
2018-04-01,7.848700,6.282200,0.048700,inside
2018-04-02,7.848380,6.279400,0.048380,inside
2018-04-03,7.848500,6.288400,0.048500,inside
2018-04-04,7.850700,6.304200,0.050700,weak_side
2018-04-05,7.848800,6.302400,0.048800,inside
2018-04-08,7.848160,6.308600,0.048160,inside
2018-04-09,7.849000,6.305400,0.049000,inside
2018-04-10,7.849200,6.281600,0.049200,inside
2018-04-11,7.849800,6.268600,0.049800,inside
2018-04-12,7.849560,6.291000,0.049560,inside
2018-04-15,7.849700,6.274100,0.049700,inside
2018-04-16,7.849700,6.275700,0.049700,inside
2018-04-17,7.849700,6.280500,0.049700,inside
2018-04-18,7.849100,6.273400,0.049100,inside
2018-04-19,7.847900,6.278100,0.047900,inside
2018-04-22,7.844360,6.295500,0.044360,inside
2018-04-23,7.842600,6.316100,0.042600,inside
2018-04-24,7.847800,6.305900,0.047800,inside
2018-04-25,7.847130,6.324700,0.047130,inside
2018-04-26,7.846030,6.335400,0.046030,inside
2018-04-29,7.848000,6.337000,0.048000,inside
2018-04-30,7.848300,6.332100,0.048300,inside
2018-05-01,7.849100,6.332300,0.049100,inside
2018-05-02,7.849400,6.361500,0.049400,inside
2018-05-03,7.849230,6.352700,0.049230,inside
2018-05-06,7.849100,6.361700,0.049100,inside
2018-05-07,7.850400,6.366100,0.050400,weak_side
2018-05-08,7.850700,6.369700,0.050700,weak_side
2018-05-09,7.849400,6.361400,0.049400,inside
2018-05-10,7.849500,6.348200,0.049500,inside
2018-05-13,7.849500,6.333100,0.049500,inside
2018-05-14,7.849600,6.338300,0.049600,inside
2018-05-15,7.849700,6.376800,0.049700,inside
2018-05-16,7.849500,6.370500,0.049500,inside
2018-05-17,7.850500,6.366200,0.050500,weak_side
2018-05-20,7.849700,6.382800,0.049700,inside
2018-05-21,7.847700,6.381100,0.047700,inside
2018-05-22,7.849700,6.364200,0.049700,inside
2018-05-23,7.847800,6.388800,0.047800,inside
2018-05-24,7.847500,6.376400,0.047500,inside
2018-05-27,7.844350,6.368600,0.044350,inside
2018-05-28,7.844830,6.398300,0.044830,inside
2018-05-29,7.845600,6.416600,0.045600,inside
2018-05-30,7.846620,6.418000,0.046620,inside
2018-05-31,7.845900,6.409300,0.045900,inside
2018-06-03,7.845300,6.419400,0.045300,inside
2018-06-04,7.846000,6.407000,0.046000,inside
2018-06-05,7.847280,6.405000,0.047280,inside
2018-06-06,7.847000,6.387900,0.047000,inside
2018-06-07,7.846200,6.392100,0.046200,inside
2018-06-10,7.845910,6.405700,0.045910,inside
2018-06-11,7.846100,6.391600,0.046100,inside
2018-06-12,7.846800,6.400500,0.046800,inside
2018-06-13,7.848200,6.397300,0.048200,inside
2018-06-14,7.849500,6.404500,0.049500,inside
2018-06-17,7.849200,6.433000,0.049200,inside
2018-06-18,7.849330,6.438800,0.049330,inside
2018-06-19,7.849500,6.485500,0.049500,inside
2018-06-20,7.846000,6.471600,0.046000,inside
2018-06-21,7.845430,6.492100,0.045430,inside
2018-06-24,7.846200,6.504300,0.046200,inside
2018-06-25,7.846700,6.539000,0.046700,inside
2018-06-26,7.848900,6.578300,0.048900,inside
2018-06-27,7.847900,6.601900,0.047900,inside
2018-06-28,7.848200,6.627400,0.048200,inside
2018-07-01,7.847000,6.624300,0.047000,inside
2018-07-02,7.844600,6.666700,0.044600,inside
2018-07-03,7.844700,6.641000,0.044700,inside
2018-07-04,7.842910,6.631300,0.042910,inside
2018-07-05,7.847160,6.636800,0.047160,inside
2018-07-08,7.848000,6.639200,0.048000,inside
2018-07-09,7.848010,6.615200,0.048010,inside
2018-07-10,7.848400,6.631400,0.048400,inside
2018-07-11,7.848400,6.682800,0.048400,inside
2018-07-12,7.848660,6.665900,0.048660,inside
2018-07-15,7.848300,6.694600,0.048300,inside
2018-07-16,7.848610,6.691600,0.048610,inside
2018-07-17,7.848600,6.706800,0.048600,inside
2018-07-18,7.848980,6.717700,0.048980,inside
2018-07-19,7.849300,6.771700,0.049300,inside
2018-07-22,7.849000,6.758100,0.049000,inside
2018-07-23,7.848100,6.792000,0.048100,inside
2018-07-24,7.846100,6.790500,0.046100,inside
2018-07-25,7.845200,6.768700,0.045200,inside
2018-07-26,7.847500,6.782800,0.047500,inside
2018-07-29,7.847860,6.812700,0.047860,inside
2018-07-30,7.847940,6.814900,0.047940,inside
2018-07-31,7.848800,6.811700,0.048800,inside
2018-08-01,7.848000,6.822600,0.048000,inside
2018-08-02,7.849440,6.832800,0.049440,inside
2018-08-05,7.848800,6.833200,0.048800,inside
2018-08-06,7.848900,6.854100,0.048900,inside
2018-08-07,7.849500,6.833600,0.049500,inside
2018-08-08,7.849100,6.835200,0.049100,inside
2018-08-09,7.849670,6.817200,0.049670,inside
2018-08-12,7.849300,6.846200,0.049300,inside
2018-08-13,7.849600,6.889400,0.049600,inside
2018-08-14,7.849800,6.884700,0.049800,inside
2018-08-15,7.849370,6.933800,0.049370,inside
2018-08-16,7.849470,6.881500,0.049470,inside
2018-08-19,7.849400,6.876600,0.049400,inside
2018-08-20,7.849400,6.856800,0.049400,inside
2018-08-21,7.849300,6.845500,0.049300,inside
2018-08-22,7.849300,6.843200,0.049300,inside
2018-08-23,7.849700,6.877500,0.049700,inside
2018-08-26,7.849700,6.800600,0.049700,inside
2018-08-27,7.849560,6.813300,0.049560,inside
2018-08-28,7.850400,6.804200,0.050400,weak_side
2018-08-29,7.848300,6.818700,0.048300,inside
2018-08-30,7.849100,6.843100,0.049100,inside
2018-09-02,7.848900,6.834600,0.048900,inside
2018-09-03,7.849400,6.822100,0.049400,inside
2018-09-04,7.849600,6.842500,0.049600,inside
2018-09-05,7.848440,6.830000,0.048440,inside
2018-09-06,7.849300,6.834400,0.049300,inside
2018-09-09,7.849600,6.839100,0.049600,inside
2018-09-10,7.849500,6.855300,0.049500,inside
2018-09-11,7.850300,6.874400,0.050300,weak_side
2018-09-12,7.848300,6.859900,0.048300,inside
2018-09-13,7.847900,6.842900,0.047900,inside
2018-09-16,7.846570,6.865600,0.046570,inside
2018-09-17,7.845000,6.855500,0.045000,inside
2018-09-18,7.843600,6.860200,0.043600,inside
2018-09-19,7.845600,6.846900,0.045600,inside
2018-09-20,7.842150,6.845900,0.042150,inside
2018-09-23,7.809520,6.856700,0.009520,inside
2018-09-24,7.811500,6.873400,0.011500,inside
2018-09-25,7.809900,6.866300,0.009900,inside
2018-09-26,7.811280,6.876100,0.011280,inside
2018-09-27,7.815460,6.880300,0.015460,inside
2018-09-30,7.828200,6.867900,0.028200,inside
2018-10-01,7.828800,6.867900,0.028800,inside
2018-10-02,7.835000,6.867900,0.035000,inside
2018-10-03,7.837900,6.867800,0.037900,inside
2018-10-04,7.834600,6.867900,0.034600,inside
2018-10-07,7.834940,6.858900,0.034940,inside
2018-10-08,7.827790,6.929800,0.027790,inside
2018-10-09,7.833700,6.921800,0.033700,inside
2018-10-10,7.837400,6.923300,0.037400,inside
2018-10-11,7.834600,6.888600,0.034600,inside
2018-10-14,7.834600,6.921200,0.034600,inside
2018-10-15,7.835000,6.915900,0.035000,inside
2018-10-16,7.837600,6.911000,0.037600,inside
2018-10-17,7.839000,6.926300,0.039000,inside
2018-10-18,7.838200,6.936700,0.038200,inside
2018-10-21,7.840600,6.928600,0.040600,inside
2018-10-22,7.839800,6.946500,0.039800,inside
2018-10-23,7.838860,6.937400,0.038860,inside
2018-10-24,7.840600,6.943000,0.040600,inside
2018-10-25,7.840000,6.948000,0.040000,inside
2018-10-29,7.840100,6.942500,0.040100,inside
2018-10-30,7.843400,6.951900,0.043400,inside
2018-10-31,7.844400,6.966300,0.044400,inside
2018-11-01,7.842280,6.974700,0.042280,inside
2018-11-02,7.834200,6.922400,0.034200,inside
2018-11-05,7.821660,6.889900,0.021660,inside
2018-11-06,7.832200,6.924800,0.032200,inside
2018-11-07,7.832600,6.918500,0.032600,inside
2018-11-08,7.828800,6.910000,0.028800,inside
2018-11-09,7.828200,6.933500,0.028200,inside
2018-11-12,7.831100,6.955900,0.031100,inside
2018-11-13,7.836800,6.962500,0.036800,inside
2018-11-14,7.830800,6.955200,0.030800,inside
2018-11-15,7.830700,6.949500,0.030700,inside
2018-11-16,7.830580,6.938200,0.030580,inside
2018-11-19,7.829950,6.937000,0.029950,inside
2018-11-20,7.831460,6.941000,0.031460,inside
2018-11-21,7.831150,6.944400,0.031150,inside
2018-11-22,7.832000,6.926200,0.032000,inside
2018-11-23,7.830200,6.931000,0.030200,inside
2018-11-26,7.826300,6.947500,0.026300,inside
2018-11-27,7.821800,6.930800,0.021800,inside
2018-11-28,7.826300,6.950600,0.026300,inside
2018-11-29,7.824750,6.952900,0.024750,inside
2018-11-30,7.821600,6.941500,0.021600,inside
2018-12-03,7.822300,6.958000,0.022300,inside
2018-12-04,7.816500,6.882300,0.016500,inside
2018-12-05,7.803370,6.836300,0.003370,inside
2018-12-06,7.814100,6.855800,0.014100,inside
2018-12-07,7.810300,6.881700,0.010300,inside
2018-12-10,7.816000,6.874700,0.016000,inside
2018-12-11,7.813700,6.911000,0.013700,inside
2018-12-12,7.816340,6.899000,0.016340,inside
2018-12-13,7.814600,6.879000,0.014600,inside
2018-12-14,7.812600,6.880700,0.012600,inside
2018-12-17,7.813100,6.906600,0.013100,inside
2018-12-18,7.813000,6.896200,0.013000,inside
2018-12-19,7.819800,6.894200,0.019800,inside
2018-12-20,7.825950,6.891000,0.025950,inside
2018-12-21,7.828480,6.884100,0.028480,inside
2018-12-24,7.833350,6.905400,0.033350,inside
2018-12-25,7.834600,6.898100,0.034600,inside
2018-12-26,7.833400,6.898300,0.033400,inside
2018-12-27,7.828700,6.898100,0.028700,inside
2018-12-28,7.831000,6.865300,0.031000,inside
2018-12-31,7.830900,6.877200,0.030900,inside
2019-01-01,7.832000,6.877600,0.032000,inside
2019-01-02,7.833320,6.877500,0.033320,inside
2019-01-03,7.835400,6.861100,0.035400,inside
2019-01-04,7.830900,6.871100,0.030900,inside
2019-01-07,7.832600,6.868400,0.032600,inside
2019-01-08,7.835300,6.850000,0.035300,inside
2019-01-09,7.839100,6.852200,0.039100,inside
2019-01-10,7.837300,6.815600,0.037300,inside
2019-01-11,7.838200,6.787500,0.038200,inside
2019-01-14,7.839220,6.762000,0.039220,inside
2019-01-15,7.842400,6.767100,0.042400,inside
2019-01-16,7.843600,6.751000,0.043600,inside
2019-01-17,7.842700,6.756000,0.042700,inside
2019-01-18,7.843000,6.775400,0.043000,inside
2019-01-21,7.844200,6.777800,0.044200,inside
2019-01-22,7.845400,6.797300,0.045400,inside
2019-01-23,7.845930,6.807000,0.045930,inside
2019-01-24,7.845150,6.791000,0.045150,inside
2019-01-25,7.846200,6.787600,0.046200,inside
2019-01-28,7.845100,6.746400,0.045100,inside
2019-01-29,7.845600,6.744300,0.045600,inside
2019-01-30,7.845900,6.732000,0.045900,inside
2019-01-31,7.842600,6.715500,0.042600,inside
2019-02-01,7.846100,6.699800,0.046100,inside
2019-02-04,7.845300,6.743800,0.045300,inside
2019-02-05,7.845440,6.743800,0.045440,inside
2019-02-06,7.845200,6.734800,0.045200,inside
2019-02-07,7.846200,6.743800,0.046200,inside
2019-02-08,7.846900,6.743800,0.046900,inside
2019-02-11,7.846600,6.743800,0.046600,inside
2019-02-12,7.847100,6.791400,0.047100,inside
2019-02-13,7.848020,6.773000,0.048020,inside
2019-02-14,7.849200,6.759400,0.049200,inside
2019-02-15,7.847100,6.771200,0.047100,inside
2019-02-18,7.847700,6.772100,0.047700,inside
2019-02-19,7.847400,6.765700,0.047400,inside
2019-02-20,7.849500,6.757700,0.049500,inside
2019-02-21,7.848400,6.720300,0.048400,inside
2019-02-22,7.847200,6.719100,0.047200,inside
2019-02-25,7.847500,6.713200,0.047500,inside
2019-02-26,7.848500,6.688400,0.048500,inside
2019-02-27,7.848800,6.699200,0.048800,inside
2019-02-28,7.848900,6.686200,0.048900,inside
2019-03-01,7.849700,6.693000,0.049700,inside
2019-03-04,7.848500,6.705400,0.048500,inside
2019-03-05,7.849700,6.706300,0.049700,inside
2019-03-06,7.850600,6.706600,0.050600,weak_side
2019-03-07,7.849400,6.710900,0.049400,inside
2019-03-08,7.849800,6.714100,0.049800,inside
2019-03-11,7.849700,6.720600,0.049700,inside
2019-03-12,7.849500,6.725500,0.049500,inside
2019-03-13,7.849620,6.707600,0.049620,inside
2019-03-14,7.849600,6.706100,0.049600,inside
2019-03-15,7.849600,6.722000,0.049600,inside
2019-03-18,7.849500,6.712800,0.049500,inside
2019-03-19,7.849520,6.703100,0.049520,inside
2019-03-20,7.851200,6.711000,0.051200,weak_side
2019-03-21,7.848900,6.693600,0.048900,inside
2019-03-22,7.847400,6.698200,0.047400,inside
2019-03-25,7.847200,6.717100,0.047200,inside
2019-03-26,7.847500,6.708400,0.047500,inside
2019-03-27,7.848900,6.714700,0.048900,inside
2019-03-28,7.849500,6.726200,0.049500,inside
2019-03-29,7.849600,6.738100,0.049600,inside
2019-03-31,7.849600,6.711100,0.049600,inside
2019-04-01,7.850200,6.710500,0.050200,weak_side
2019-04-02,7.848800,6.722400,0.048800,inside
2019-04-03,7.849300,6.701400,0.049300,inside
2019-04-04,7.849500,6.716600,0.049500,inside
2019-04-07,7.849200,6.716900,0.049200,inside
2019-04-08,7.847150,6.715400,0.047150,inside
2019-04-09,7.841510,6.710800,0.041510,inside
2019-04-10,7.836130,6.715400,0.036130,inside
2019-04-11,7.843100,6.718500,0.043100,inside
2019-04-14,7.841910,6.703200,0.041910,inside
2019-04-15,7.840230,6.707700,0.040230,inside
2019-04-16,7.843400,6.711200,0.043400,inside
2019-04-17,7.844590,6.687200,0.044590,inside
2019-04-18,7.845200,6.708100,0.045200,inside
2019-04-21,7.843090,6.703400,0.043090,inside
2019-04-22,7.846600,6.708500,0.046600,inside
2019-04-23,7.842540,6.724900,0.042540,inside
2019-04-24,7.842700,6.720900,0.042700,inside
2019-04-25,7.843600,6.742100,0.043600,inside
2019-04-28,7.842840,6.728800,0.042840,inside
2019-04-29,7.844100,6.732400,0.044100,inside
2019-04-30,7.845500,6.733800,0.045500,inside
2019-05-01,7.844800,6.734000,0.044800,inside
2019-05-02,7.842800,6.733900,0.042800,inside
2019-05-05,7.844340,6.733600,0.044340,inside
2019-05-06,7.846400,6.763600,0.046400,inside
2019-05-07,7.848400,6.776000,0.048400,inside
2019-05-08,7.848100,6.782000,0.048100,inside
2019-05-09,7.848000,6.826500,0.048000,inside
2019-05-12,7.848200,6.823100,0.048200,inside
2019-05-13,7.848900,6.877300,0.048900,inside
2019-05-14,7.849200,6.874900,0.049200,inside
2019-05-15,7.848670,6.875200,0.048670,inside
2019-05-16,7.849200,6.882800,0.049200,inside
2019-05-19,7.849200,6.917700,0.049200,inside
2019-05-20,7.849350,6.911300,0.049350,inside
2019-05-22,7.849000,6.905400,0.049000,inside
2019-05-23,7.848570,6.909500,0.048570,inside
2019-05-26,7.848340,6.899300,0.048340,inside
2019-05-27,7.849300,6.897200,0.049300,inside
2019-05-28,7.849200,6.909100,0.049200,inside
2019-05-29,7.849110,6.913400,0.049110,inside
2019-05-30,7.848000,6.900900,0.048000,inside
2019-06-02,7.837170,6.904100,0.037170,inside
2019-06-03,7.836100,6.902800,0.036100,inside
2019-06-04,7.840800,6.907300,0.040800,inside
2019-06-05,7.840480,6.908100,0.040480,inside
2019-06-06,7.840390,6.909000,0.040390,inside
2019-06-09,7.841670,6.908800,0.041670,inside
2019-06-10,7.842600,6.930100,0.042600,inside
2019-06-11,7.836040,6.910400,0.036040,inside
2019-06-12,7.824100,6.916900,0.024100,inside
2019-06-13,7.828730,6.920800,0.028730,inside
2019-06-16,7.828800,6.924500,0.028800,inside
2019-06-17,7.833400,6.924900,0.033400,inside
2019-06-18,7.832050,6.902300,0.032050,inside
2019-06-19,7.823600,6.902700,0.023600,inside
2019-06-20,7.813900,6.851000,0.013900,inside
2019-06-23,7.813200,6.868900,0.013200,inside
2019-06-24,7.808620,6.876100,0.008620,inside
2019-06-25,7.810400,6.878800,0.010400,inside
2019-06-26,7.810700,6.879100,0.010700,inside
2019-06-27,7.815400,6.867100,0.015400,inside
2019-06-30,7.811930,6.865800,0.011930,inside
2019-07-01,7.812270,6.850800,0.012270,inside
2019-07-02,7.799410,6.872000,-0.000590,inside
2019-07-03,7.796900,6.880200,-0.003100,inside
2019-07-04,7.785130,6.870600,-0.014870,inside
2019-07-07,7.796400,6.892600,-0.003600,inside
2019-07-08,7.798900,6.880900,-0.001100,inside
2019-07-09,7.808800,6.888300,0.008800,inside
2019-07-10,7.816200,6.872200,0.016200,inside
2019-07-11,7.821900,6.869200,0.021900,inside
2019-07-14,7.825110,6.879800,0.025110,inside
2019-07-15,7.826700,6.876900,0.026700,inside
2019-07-16,7.817020,6.875300,0.017020,inside
2019-07-17,7.813920,6.872800,0.013920,inside
2019-07-18,7.814850,6.879100,0.014850,inside
2019-07-21,7.807700,6.881100,0.007700,inside
2019-07-22,7.809790,6.880100,0.009790,inside
2019-07-23,7.810040,6.878300,0.010040,inside
2019-07-24,7.813350,6.871500,0.013350,inside
2019-07-25,7.816080,6.871600,0.016080,inside
2019-07-28,7.817800,6.878200,0.017800,inside
2019-07-29,7.821410,6.892400,0.021410,inside
2019-07-30,7.823110,6.883600,0.023110,inside
2019-07-31,7.827150,6.883400,0.027150,inside
2019-08-01,7.825300,6.897800,0.025300,inside
2019-08-04,7.831180,6.939200,0.031180,inside
2019-08-05,7.843600,7.049700,0.043600,inside
2019-08-06,7.837700,7.025600,0.037700,inside
2019-08-07,7.839500,7.059100,0.039500,inside
2019-08-08,7.841200,7.044300,0.041200,inside
2019-08-11,7.841800,7.061500,0.041800,inside
2019-08-12,7.844800,7.057200,0.044800,inside
2019-08-13,7.845000,7.033500,0.045000,inside
2019-08-14,7.845160,7.023500,0.045160,inside
2019-08-15,7.842500,7.024000,0.042500,inside
2019-08-18,7.843600,7.041900,0.043600,inside
2019-08-19,7.843900,7.049800,0.043900,inside
2019-08-20,7.841650,7.059600,0.041650,inside
2019-08-21,7.843000,7.062400,0.043000,inside
2019-08-22,7.839900,7.082700,0.039900,inside
2019-08-25,7.842900,7.095000,0.042900,inside
2019-08-26,7.845000,7.150300,0.045000,inside
2019-08-27,7.846600,7.161400,0.046600,inside
2019-08-28,7.843140,7.155300,0.043140,inside
2019-08-29,7.845800,7.143600,0.045800,inside
2019-09-01,7.842300,7.155700,0.042300,inside
2019-09-02,7.842000,7.171000,0.042000,inside
2019-09-03,7.843900,7.178000,0.043900,inside
2019-09-04,7.840700,7.145100,0.040700,inside
2019-09-05,7.837700,7.147700,0.037700,inside
2019-09-08,7.840000,7.114700,0.040000,inside
2019-09-09,7.838440,7.121100,0.038440,inside
2019-09-10,7.839880,7.111700,0.039880,inside
2019-09-11,7.837900,7.115800,0.037900,inside
2019-09-12,7.825200,7.078400,0.025200,inside
2019-09-15,7.824100,7.078400,0.024100,inside
2019-09-16,7.819100,7.066400,0.019100,inside
2019-09-17,7.822900,7.090900,0.022900,inside
2019-09-18,7.829060,7.085000,0.029060,inside
2019-09-19,7.830480,7.095600,0.030480,inside
2019-09-22,7.839540,7.090600,0.039540,inside
2019-09-23,7.838600,7.117600,0.038600,inside
2019-09-24,7.840600,7.115500,0.040600,inside
2019-09-25,7.839100,7.130800,0.039100,inside
2019-09-26,7.838300,7.131600,0.038300,inside
2019-09-29,7.840230,7.121800,0.040230,inside
2019-09-30,7.838370,7.147500,0.038370,inside
2019-10-01,7.842230,7.147400,0.042230,inside
2019-10-02,7.842800,7.147600,0.042800,inside
2019-10-03,7.842000,7.147500,0.042000,inside
2019-10-06,7.841800,7.147400,0.041800,inside
2019-10-07,7.842700,7.147400,0.042700,inside
2019-10-08,7.844260,7.143500,0.044260,inside
2019-10-09,7.844900,7.131400,0.044900,inside
2019-10-10,7.842330,7.115500,0.042330,inside
2019-10-13,7.843200,7.087200,0.043200,inside
2019-10-14,7.844660,7.066600,0.044660,inside
2019-10-15,7.845200,7.080800,0.045200,inside
2019-10-16,7.844800,7.092700,0.044800,inside
2019-10-17,7.844000,7.076400,0.044000,inside
2019-10-20,7.842700,7.080700,0.042700,inside
2019-10-21,7.842140,7.066300,0.042140,inside
2019-10-22,7.842330,7.076200,0.042330,inside
2019-10-23,7.841300,7.064600,0.041300,inside
2019-10-24,7.838300,7.068100,0.038300,inside
2019-10-28,7.837100,7.064700,0.037100,inside
2019-10-29,7.838800,7.066900,0.038800,inside
2019-10-30,7.839640,7.064900,0.039640,inside
2019-10-31,7.839320,7.054400,0.039320,inside
2019-11-01,7.836700,7.038200,0.036700,inside
2019-11-04,7.837000,7.036400,0.037000,inside
2019-11-05,7.836600,7.029400,0.036600,inside
2019-11-06,7.832400,7.008800,0.032400,inside
2019-11-07,7.826470,6.997200,0.026470,inside
2019-11-11,7.828240,6.995000,0.028240,inside
2019-11-12,7.825610,7.009600,0.025610,inside
2019-11-13,7.828700,7.006800,0.028700,inside
2019-11-14,7.828100,7.022600,0.028100,inside
2019-11-15,7.827900,7.019800,0.027900,inside
2019-11-18,7.826460,7.007300,0.026460,inside
2019-11-19,7.826920,7.025000,0.026920,inside
2019-11-20,7.827300,7.026800,0.027300,inside
2019-11-21,7.826200,7.035000,0.026200,inside
2019-11-22,7.820200,7.028200,0.020200,inside
2019-11-25,7.825200,7.038300,0.025200,inside
2019-11-26,7.825590,7.035500,0.025590,inside
2019-11-27,7.828500,7.032500,0.028500,inside
2019-11-28,7.827360,7.027900,0.027360,inside
2019-11-29,7.827100,7.034400,0.027100,inside
2019-12-02,7.828300,7.031500,0.028300,inside
2019-12-03,7.828300,7.038300,0.028300,inside
2019-12-04,7.829700,7.060200,0.029700,inside
2019-12-05,7.828800,7.048900,0.028800,inside
2019-12-06,7.828700,7.043800,0.028700,inside
2019-12-09,7.828960,7.034300,0.028960,inside
2019-12-10,7.828350,7.038200,0.028350,inside
2019-12-11,7.826700,7.033300,0.026700,inside
2019-12-12,7.808660,7.037800,0.008660,inside
2019-12-13,7.805500,7.019500,0.005500,inside
2019-12-16,7.798780,6.971900,-0.001220,inside
2019-12-17,7.792660,6.981600,-0.007340,inside
2019-12-18,7.787000,6.996200,-0.013000,inside
2019-12-19,7.788100,7.004000,-0.011900,inside
2019-12-20,7.794400,7.009400,-0.005600,inside
2019-12-23,7.796850,7.005700,-0.003150,inside
2019-12-24,7.786900,7.011800,-0.013100,inside
2019-12-25,7.788100,7.006400,-0.011900,inside
2019-12-26,7.788600,6.988300,-0.011400,inside
2019-12-27,7.787900,6.996300,-0.012100,inside
2019-12-30,7.787330,6.994800,-0.012670,inside
2019-12-31,7.788100,6.985700,-0.011900,inside
2020-01-01,7.786500,6.962300,-0.013500,inside
2020-01-02,7.792500,6.962200,-0.007500,inside
2020-01-03,7.788300,6.963400,-0.011700,inside
2020-01-06,7.781500,6.964500,-0.018500,inside
2020-01-07,7.770400,6.974500,-0.029600,inside
2020-01-08,7.777300,6.944400,-0.022700,inside
2020-01-09,7.776200,6.945200,-0.023800,inside
2020-01-10,7.766480,6.951700,-0.033520,inside
2020-01-13,7.766530,6.909300,-0.033470,inside
2020-01-14,7.771500,6.892700,-0.028500,inside
2020-01-15,7.776610,6.900300,-0.023390,inside
2020-01-16,7.771500,6.889800,-0.028500,inside
2020-01-17,7.771600,6.878100,-0.028400,inside
2020-01-20,7.767830,6.858700,-0.032170,inside
2020-01-21,7.769200,6.865800,-0.030800,inside
2020-01-22,7.770200,6.904800,-0.029800,inside
2020-01-23,7.770900,6.905700,-0.029100,inside
2020-01-24,7.772300,6.935600,-0.027700,inside
2020-01-27,7.774440,6.935700,-0.025560,inside
2020-01-28,7.777100,6.935700,-0.022900,inside
2020-01-29,7.775440,6.935700,-0.024560,inside
2020-01-30,7.772990,6.935700,-0.027010,inside
2020-01-31,7.767500,6.935700,-0.032500,inside
2020-02-03,7.765690,6.935700,-0.034310,inside
2020-02-04,7.766000,7.020600,-0.034000,inside
2020-02-05,7.766400,6.997500,-0.033600,inside
2020-02-06,7.763400,6.972800,-0.036600,inside
2020-02-07,7.763470,6.969800,-0.036530,inside
2020-02-10,7.765800,7.000600,-0.034200,inside
2020-02-11,7.766200,6.983500,-0.033800,inside
2020-02-12,7.765200,6.964900,-0.034800,inside
2020-02-13,7.768900,6.971000,-0.031100,inside
2020-02-14,7.766600,6.976400,-0.033400,inside
2020-02-17,7.767260,6.986100,-0.032740,inside
2020-02-18,7.767800,6.979300,-0.032200,inside
2020-02-19,7.768600,6.996200,-0.031400,inside
2020-02-20,7.773010,6.997200,-0.026990,inside
2020-02-21,7.780700,7.022400,-0.019300,inside
2020-02-24,7.791940,7.026200,-0.008060,inside
2020-02-25,7.792160,7.028400,-0.007840,inside
2020-02-26,7.789650,7.036400,-0.010350,inside
2020-02-27,7.792520,7.039800,-0.007480,inside
2020-02-28,7.794600,7.003500,-0.005400,inside
2020-03-02,7.793080,6.990900,-0.006920,inside
2020-03-03,7.780900,6.999800,-0.019100,inside
2020-03-04,7.770100,6.961000,-0.029900,inside
2020-03-05,7.771750,6.965400,-0.028250,inside
2020-03-06,7.770720,6.936000,-0.029280,inside
2020-03-09,7.769300,6.931100,-0.030700,inside
2020-03-10,7.771000,6.945600,-0.029000,inside
2020-03-11,7.768200,6.955600,-0.031800,inside
2020-03-12,7.768500,6.959600,-0.031500,inside
2020-03-13,7.776600,7.028600,-0.023400,inside
2020-03-16,7.763260,7.007200,-0.036740,inside
2020-03-17,7.765700,6.992700,-0.034300,inside
2020-03-18,7.762100,7.006200,-0.037900,inside
2020-03-19,7.763500,7.046400,-0.036500,inside
2020-03-20,7.761730,7.107700,-0.038270,inside
2020-03-23,7.758770,7.094800,-0.041230,inside
2020-03-24,7.756000,7.091300,-0.044000,inside
2020-03-25,7.752760,7.062000,-0.047240,inside
2020-03-26,7.752600,7.113500,-0.047400,inside
2020-03-27,7.752200,7.073100,-0.047800,inside
2020-03-29,7.751000,7.095300,-0.049000,inside
2020-03-30,7.754000,7.099200,-0.046000,inside
2020-03-31,7.751820,7.081400,-0.048180,inside
2020-04-01,7.751900,7.099300,-0.048100,inside
2020-04-02,7.751550,7.083200,-0.048450,inside
2020-04-05,7.752700,7.091300,-0.047300,inside
2020-04-06,7.751500,7.091300,-0.048500,inside
2020-04-07,7.752150,7.044800,-0.047850,inside
2020-04-08,7.751610,7.064900,-0.048390,inside
2020-04-09,7.752800,7.042200,-0.047200,inside
2020-04-12,7.751700,7.035100,-0.048300,inside
2020-04-13,7.752400,7.051600,-0.047600,inside
2020-04-14,7.751400,7.048300,-0.048600,inside
2020-04-15,7.751100,7.066500,-0.048900,inside
2020-04-16,7.750810,7.078800,-0.049190,inside
2020-04-19,7.750750,7.072200,-0.049250,inside
2020-04-20,7.750300,7.072400,-0.049700,inside
2020-04-21,7.749920,7.070800,-0.050080,strong_side
2020-04-22,7.750230,7.083100,-0.049770,inside
2020-04-23,7.750600,7.065200,-0.049400,inside
2020-04-26,7.750500,7.080900,-0.049500,inside
2020-04-27,7.750470,7.085300,-0.049530,inside
2020-04-28,7.750300,7.078100,-0.049700,inside
2020-04-29,7.750000,7.075400,-0.050000,inside
2020-04-30,7.751640,7.061300,-0.048360,inside
2020-05-03,7.752130,7.061500,-0.047870,inside
2020-05-04,7.753100,7.061500,-0.046900,inside
2020-05-05,7.753050,7.061500,-0.046950,inside
2020-05-06,7.752000,7.103600,-0.048000,inside
2020-05-07,7.750800,7.083800,-0.049200,inside
2020-05-10,7.751070,7.073100,-0.048930,inside
2020-05-11,7.750510,7.098000,-0.049490,inside
2020-05-12,7.750500,7.082100,-0.049500,inside
2020-05-13,7.750800,7.091300,-0.049200,inside
2020-05-14,7.750860,7.094700,-0.049140,inside
2020-05-17,7.750700,7.101200,-0.049300,inside
2020-05-18,7.751100,7.108600,-0.048900,inside
2020-05-19,7.750400,7.098200,-0.049600,inside
2020-05-20,7.750000,7.092500,-0.050000,inside
2020-05-21,7.754300,7.114300,-0.045700,inside
2020-05-24,7.756760,7.129400,-0.043240,inside
2020-05-25,7.754380,7.135700,-0.045620,inside
2020-05-26,7.753250,7.134100,-0.046750,inside
2020-05-27,7.753380,7.168200,-0.046620,inside
2020-05-28,7.752700,7.145200,-0.047300,inside
2020-05-31,7.752970,7.136300,-0.047030,inside
2020-06-01,7.751400,7.126700,-0.048600,inside
2020-06-02,7.750500,7.099900,-0.049500,inside
2020-06-03,7.750000,7.114700,-0.050000,inside
2020-06-04,7.750100,7.109200,-0.049900,inside
2020-06-07,7.750120,7.081000,-0.049880,inside
2020-06-08,7.751500,7.070300,-0.048500,inside
2020-06-09,7.751000,7.076300,-0.049000,inside
2020-06-10,7.749900,7.060000,-0.050100,strong_side
2020-06-11,7.750200,7.064100,-0.049800,inside
2020-06-14,7.750000,7.082400,-0.050000,inside
2020-06-15,7.750010,7.090800,-0.049990,inside
2020-06-16,7.749800,7.086000,-0.050200,strong_side
2020-06-17,7.749900,7.084500,-0.050100,strong_side
2020-06-18,7.750000,7.088400,-0.050000,inside
2020-06-21,7.750010,7.071300,-0.049990,inside
2020-06-22,7.750000,7.067400,-0.050000,inside
2020-06-23,7.750100,7.057400,-0.049900,inside
2020-06-24,7.750600,7.077200,-0.049400,inside
2020-06-25,7.751500,7.077200,-0.048500,inside
2020-06-28,7.750000,7.077200,-0.050000,inside
2020-06-29,7.750200,7.079600,-0.049800,inside
2020-06-30,7.750600,7.064400,-0.049400,inside
2020-07-01,7.750500,7.070100,-0.049500,inside
2020-07-02,7.750200,7.065500,-0.049800,inside
2020-07-05,7.750130,7.065400,-0.049870,inside
2020-07-06,7.750700,7.017300,-0.049300,inside
2020-07-07,7.750500,7.012900,-0.049500,inside
2020-07-08,7.750120,7.003500,-0.049880,inside
2020-07-09,7.750120,6.993100,-0.049880,inside
2020-07-12,7.751440,6.992000,-0.048560,inside
2020-07-13,7.750800,6.996400,-0.049200,inside
2020-07-14,7.750900,6.995800,-0.049100,inside
2020-07-15,7.752200,6.987800,-0.047800,inside
2020-07-16,7.753700,6.988200,-0.046300,inside
2020-07-19,7.752800,6.991200,-0.047200,inside
2020-07-20,7.751800,6.982300,-0.048200,inside
2020-07-21,7.750790,6.979700,-0.049210,inside
2020-07-22,7.752800,6.998700,-0.047200,inside
2020-07-23,7.751600,7.003100,-0.048400,inside
2020-07-26,7.750880,7.016100,-0.049120,inside
2020-07-27,7.751200,6.993200,-0.048800,inside
2020-07-28,7.750200,6.999700,-0.049800,inside
2020-07-29,7.750120,7.000300,-0.049880,inside
2020-07-30,7.749900,7.007300,-0.050100,strong_side
2020-08-02,7.750000,6.974200,-0.050000,inside
2020-08-03,7.750700,6.979400,-0.049300,inside
2020-08-04,7.750200,6.972700,-0.049800,inside
2020-08-05,7.751100,6.934600,-0.048900,inside
2020-08-06,7.750400,6.952400,-0.049600,inside
2020-08-09,7.749960,6.967000,-0.050040,strong_side
2020-08-10,7.749930,6.960800,-0.050070,strong_side
2020-08-11,7.749900,6.945300,-0.050100,strong_side
2020-08-12,7.751000,6.936200,-0.049000,inside
2020-08-13,7.749580,6.943600,-0.050420,strong_side
2020-08-16,7.750590,6.949400,-0.049410,inside
2020-08-17,7.750200,6.931800,-0.049800,inside
2020-08-18,7.750200,6.920800,-0.049800,inside
2020-08-19,7.750800,6.919200,-0.049200,inside
2020-08-20,7.750600,6.914800,-0.049400,inside
2020-08-23,7.749990,6.918500,-0.050010,strong_side
2020-08-24,7.750500,6.918900,-0.049500,inside
2020-08-25,7.750300,6.911900,-0.049700,inside
2020-08-26,7.750700,6.884900,-0.049300,inside
2020-08-27,7.750100,6.889200,-0.049900,inside
2020-08-30,7.750350,6.864400,-0.049650,inside
2020-08-31,7.749970,6.847700,-0.050030,strong_side
2020-09-01,7.750300,6.827500,-0.049700,inside
2020-09-02,7.750100,6.837300,-0.049900,inside
2020-09-03,7.750000,6.845800,-0.050000,inside
2020-09-06,7.750190,6.841500,-0.049810,inside
2020-09-07,7.750100,6.829500,-0.049900,inside
2020-09-08,7.750200,6.845100,-0.049800,inside
2020-09-09,7.750600,6.831800,-0.049400,inside
2020-09-10,7.750200,6.833300,-0.049800,inside
2020-09-13,7.750120,6.833400,-0.049880,inside
2020-09-14,7.750200,6.809100,-0.049800,inside
2020-09-15,7.749810,6.780300,-0.050190,strong_side
2020-09-16,7.750700,6.753700,-0.049300,inside
2020-09-17,7.749900,6.764100,-0.050100,strong_side
2020-09-20,7.749800,6.768000,-0.050200,strong_side
2020-09-21,7.749900,6.803700,-0.050100,strong_side
2020-09-22,7.749900,6.778400,-0.050100,strong_side
2020-09-23,7.749900,6.808900,-0.050100,strong_side
2020-09-24,7.750000,6.827700,-0.050000,inside
2020-09-27,7.749890,6.822800,-0.050110,strong_side
2020-09-28,7.750100,6.810800,-0.049900,inside
2020-09-29,7.749800,6.815400,-0.050200,strong_side
2020-09-30,7.749900,6.789700,-0.050100,strong_side
2020-10-01,7.750000,6.789400,-0.050000,inside
2020-10-04,7.750000,6.789800,-0.050000,inside
2020-10-05,7.750060,6.789800,-0.049940,inside
2020-10-06,7.749900,6.789800,-0.050100,strong_side
2020-10-07,7.749820,6.789700,-0.050180,strong_side
2020-10-08,7.749840,6.789200,-0.050160,strong_side
2020-10-11,7.749980,6.693700,-0.050020,strong_side
2020-10-12,7.749800,6.744400,-0.050200,strong_side
2020-10-13,7.753200,6.745500,-0.046800,inside
2020-10-14,7.749790,6.713600,-0.050210,strong_side
2020-10-15,7.749970,6.723900,-0.050030,strong_side
2020-10-18,7.750170,6.696600,-0.049830,inside
2020-10-19,7.749970,6.680700,-0.050030,strong_side
2020-10-20,7.751200,6.675200,-0.048800,inside
2020-10-21,7.749800,6.650000,-0.050200,strong_side
2020-10-22,7.753500,6.683500,-0.046500,inside
2020-10-26,7.749780,6.685700,-0.050220,strong_side
2020-10-27,7.754200,6.711300,-0.045800,inside
2020-10-28,7.750600,6.704400,-0.049400,inside
2020-10-29,7.750100,6.727900,-0.049900,inside
2020-10-30,7.751430,6.714000,-0.048570,inside
2020-11-02,7.752590,6.689100,-0.047410,inside
2020-11-03,7.751000,6.689700,-0.049000,inside
2020-11-04,7.753100,6.676600,-0.046900,inside
2020-11-05,7.754380,6.652000,-0.045620,inside
2020-11-06,7.754020,6.605200,-0.045980,inside
2020-11-09,7.753330,6.610400,-0.046670,inside
2020-11-10,7.752270,6.628100,-0.047730,inside
2020-11-11,7.753600,6.614800,-0.046400,inside
2020-11-12,7.753960,6.630800,-0.046040,inside
2020-11-13,7.753790,6.610600,-0.046210,inside
2020-11-16,7.753340,6.605400,-0.046660,inside
2020-11-17,7.753350,6.583800,-0.046650,inside
2020-11-18,7.752290,6.555100,-0.047710,inside
2020-11-19,7.752280,6.559500,-0.047720,inside
2020-11-20,7.752600,6.582400,-0.047400,inside
2020-11-23,7.752200,6.561900,-0.047800,inside
2020-11-24,7.752200,6.584500,-0.047800,inside
2020-11-25,7.751400,6.590200,-0.048600,inside
2020-11-26,7.751160,6.577500,-0.048840,inside
2020-11-27,7.750700,6.574500,-0.049300,inside
2020-11-30,7.750470,6.576000,-0.049530,inside
2020-12-01,7.751210,6.577800,-0.048790,inside
2020-12-02,7.751900,6.570800,-0.048100,inside
2020-12-03,7.752000,6.562400,-0.048000,inside
2020-12-04,7.751200,6.541400,-0.048800,inside
2020-12-07,7.750470,6.530600,-0.049530,inside
2020-12-08,7.750800,6.528700,-0.049200,inside
2020-12-09,7.751380,6.531700,-0.048620,inside
2020-12-10,7.751410,6.542200,-0.048590,inside
2020-12-11,7.751370,6.544400,-0.048630,inside
2020-12-14,7.751210,6.545700,-0.048790,inside
2020-12-15,7.751600,6.549700,-0.048400,inside
2020-12-16,7.751200,6.538300,-0.048800,inside
2020-12-17,7.751400,6.531300,-0.048600,inside
2020-12-18,7.752090,6.532100,-0.047910,inside
2020-12-21,7.752140,6.536000,-0.047860,inside
2020-12-22,7.752630,6.548200,-0.047370,inside
2020-12-23,7.752600,6.542200,-0.047400,inside
2020-12-24,7.752360,6.539600,-0.047640,inside
2020-12-25,7.753300,6.529000,-0.046700,inside
2020-12-28,7.753470,6.540800,-0.046530,inside
2020-12-29,7.754600,6.535600,-0.045400,inside
2020-12-30,7.753770,6.530000,-0.046230,inside
2020-12-31,7.752180,6.522200,-0.047820,inside
2021-01-01,7.753200,6.531700,-0.046800,inside
2021-01-04,7.753010,6.532000,-0.046990,inside
2021-01-05,7.753020,6.460500,-0.046980,inside
2021-01-06,7.752750,6.455200,-0.047250,inside
2021-01-07,7.752900,6.460700,-0.047100,inside
2021-01-08,7.753000,6.477200,-0.047000,inside
2021-01-11,7.754350,6.474300,-0.045650,inside
2021-01-12,7.755100,6.479700,-0.044900,inside
2021-01-13,7.754090,6.462900,-0.045910,inside
2021-01-14,7.753400,6.467000,-0.046600,inside
2021-01-15,7.753200,6.473100,-0.046800,inside
2021-01-18,7.753250,6.479700,-0.046750,inside
2021-01-19,7.753100,6.491400,-0.046900,inside
2021-01-20,7.751980,6.477900,-0.048020,inside
2021-01-21,7.751800,6.465400,-0.048200,inside
2021-01-22,7.751600,6.461400,-0.048400,inside
2021-01-25,7.751710,6.480800,-0.048290,inside
2021-01-26,7.751400,6.478700,-0.048600,inside
2021-01-27,7.751700,6.463700,-0.048300,inside
2021-01-28,7.751660,6.482100,-0.048340,inside
2021-01-29,7.752520,6.448400,-0.047480,inside
2021-02-01,7.752850,6.426800,-0.047150,inside
2021-02-02,7.752620,6.467500,-0.047380,inside
2021-02-03,7.751300,6.456400,-0.048700,inside
2021-02-04,7.751260,6.459200,-0.048740,inside
2021-02-05,7.752500,6.470700,-0.047500,inside
2021-02-08,7.752460,6.465700,-0.047540,inside
2021-02-09,7.752190,6.448000,-0.047810,inside
2021-02-10,7.751630,6.434200,-0.048370,inside
2021-02-11,7.752200,6.457200,-0.047800,inside
2021-02-12,7.752700,6.456900,-0.047300,inside
2021-02-15,7.752290,6.457200,-0.047710,inside
2021-02-16,7.752430,6.457200,-0.047570,inside
2021-02-17,7.752080,6.457100,-0.047920,inside
2021-02-18,7.752500,6.457600,-0.047500,inside
2021-02-19,7.752800,6.487200,-0.047200,inside
2021-02-22,7.752750,6.485800,-0.047250,inside
2021-02-23,7.753700,6.463100,-0.046300,inside
2021-02-24,7.753600,6.463000,-0.046400,inside
2021-02-25,7.754500,6.456000,-0.045500,inside
2021-02-26,7.753900,6.453800,-0.046100,inside
2021-03-01,7.756480,6.477900,-0.043520,inside
2021-03-02,7.755700,6.463200,-0.044300,inside
2021-03-03,7.757300,6.469500,-0.042700,inside
2021-03-04,7.756000,6.466800,-0.044000,inside
2021-03-05,7.759300,6.469000,-0.040700,inside
2021-03-08,7.763850,6.495700,-0.036150,inside
2021-03-09,7.768560,6.524600,-0.031440,inside
2021-03-10,7.761640,6.505600,-0.038360,inside
2021-03-11,7.761100,6.504900,-0.038900,inside
2021-03-12,7.758260,6.493000,-0.041740,inside
2021-03-15,7.762650,6.498500,-0.037350,inside
2021-03-16,7.764260,6.498900,-0.035740,inside
2021-03-17,7.765200,6.505000,-0.034800,inside
2021-03-18,7.765000,6.502600,-0.035000,inside
2021-03-19,7.764750,6.504800,-0.035250,inside
2021-03-22,7.765250,6.499000,-0.034750,inside
2021-03-23,7.765900,6.506300,-0.034100,inside
2021-03-24,7.766930,6.514900,-0.033070,inside
2021-03-25,7.768500,6.514600,-0.031500,inside
2021-03-26,7.768380,6.544800,-0.031620,inside
2021-03-28,7.768850,6.540500,-0.031150,inside
2021-03-29,7.772730,6.568700,-0.027270,inside
2021-03-30,7.775200,6.571000,-0.024800,inside
2021-03-31,7.774560,6.551200,-0.025440,inside
2021-04-01,7.775500,6.564400,-0.024500,inside
2021-04-04,7.776250,6.566500,-0.023750,inside
2021-04-05,7.775490,6.565900,-0.024510,inside
2021-04-06,7.776000,6.538500,-0.024000,inside
2021-04-07,7.784480,6.541000,-0.015520,inside
2021-04-08,7.776860,6.550000,-0.023140,inside
2021-04-11,7.777660,6.552000,-0.022340,inside
2021-04-12,7.773840,6.547900,-0.026160,inside
2021-04-13,7.772460,6.542600,-0.027540,inside
2021-04-14,7.765900,6.528100,-0.034100,inside
2021-04-15,7.767100,6.521300,-0.032900,inside
2021-04-18,7.771160,6.511100,-0.028840,inside
2021-04-19,7.765700,6.509300,-0.034300,inside
2021-04-20,7.761350,6.498500,-0.038650,inside
2021-04-21,7.762700,6.490000,-0.037300,inside
2021-04-22,7.759840,6.490300,-0.040160,inside
2021-04-25,7.760900,6.494400,-0.039100,inside
2021-04-26,7.760900,6.484500,-0.039100,inside
2021-04-27,7.762300,6.482100,-0.037700,inside
2021-04-28,7.762400,6.477900,-0.037600,inside
2021-04-29,7.763330,6.471200,-0.036670,inside
2021-05-02,7.766800,6.473500,-0.033200,inside
2021-05-03,7.766100,6.472800,-0.033900,inside
2021-05-04,7.768180,6.472800,-0.031820,inside
2021-05-05,7.769390,6.473000,-0.030610,inside
2021-05-06,7.768200,6.463200,-0.031800,inside
2021-05-09,7.765600,6.431500,-0.034400,inside
2021-05-10,7.765360,6.415100,-0.034640,inside
2021-05-11,7.768430,6.428300,-0.031570,inside
2021-05-12,7.766240,6.455200,-0.033760,inside
2021-05-13,7.767900,6.450900,-0.032100,inside
2021-05-16,7.767200,6.436100,-0.032800,inside
2021-05-17,7.766280,6.438200,-0.033720,inside
2021-05-18,7.765310,6.424200,-0.034690,inside
2021-05-19,7.764900,6.434000,-0.035100,inside
2021-05-20,7.762300,6.433900,-0.037700,inside
2021-05-23,7.764080,6.433200,-0.035920,inside
2021-05-24,7.764350,6.418300,-0.035650,inside
2021-05-25,7.762500,6.410000,-0.037500,inside
2021-05-26,7.762800,6.390700,-0.037200,inside
2021-05-27,7.760300,6.382000,-0.039700,inside
2021-05-30,7.761850,6.367400,-0.038150,inside
2021-05-31,7.761000,6.369000,-0.039000,inside
2021-06-01,7.759200,6.380700,-0.040800,inside
2021-06-02,7.758460,6.380100,-0.041540,inside
2021-06-03,7.758000,6.402700,-0.042000,inside
2021-06-06,7.757130,6.394300,-0.042870,inside
2021-06-07,7.759200,6.396300,-0.040800,inside
2021-06-08,7.760000,6.399500,-0.040000,inside
2021-06-09,7.760000,6.386500,-0.040000,inside
2021-06-10,7.760500,6.392300,-0.039500,inside
2021-06-13,7.761520,6.397700,-0.038480,inside
2021-06-14,7.762000,6.397200,-0.038000,inside
2021-06-15,7.763080,6.405000,-0.036920,inside
2021-06-16,7.762940,6.396700,-0.037060,inside
2021-06-17,7.764220,6.447400,-0.035780,inside
2021-06-20,7.764400,6.452100,-0.035600,inside
2021-06-21,7.764620,6.465900,-0.035380,inside
2021-06-22,7.766100,6.480300,-0.033900,inside
2021-06-23,7.764750,6.473000,-0.035250,inside
2021-06-24,7.763000,6.471000,-0.037000,inside
2021-06-27,7.761530,6.446300,-0.038470,inside
2021-06-28,7.762780,6.455100,-0.037220,inside
2021-06-29,7.763300,6.463100,-0.036700,inside
2021-06-30,7.764360,6.456200,-0.035640,inside
2021-07-01,7.765790,6.467600,-0.034210,inside
2021-07-04,7.765340,6.472100,-0.034660,inside
2021-07-05,7.767400,6.462800,-0.032600,inside
2021-07-06,7.766850,6.478100,-0.033150,inside
2021-07-07,7.767800,6.471500,-0.032200,inside
2021-07-08,7.767700,6.489100,-0.032300,inside
2021-07-11,7.767180,6.478000,-0.032820,inside
2021-07-12,7.766300,6.474600,-0.033700,inside
2021-07-13,7.766000,6.467500,-0.034000,inside
2021-07-14,7.766010,6.468300,-0.033990,inside
2021-07-15,7.767900,6.460100,-0.032100,inside
2021-07-18,7.767990,6.478200,-0.032010,inside
2021-07-19,7.770700,6.489400,-0.029300,inside
2021-07-20,7.772300,6.483900,-0.027700,inside
2021-07-21,7.772660,6.467000,-0.027340,inside
2021-07-22,7.770900,6.469700,-0.029100,inside
2021-07-25,7.768970,6.480400,-0.031030,inside
2021-07-26,7.778800,6.481700,-0.021200,inside
2021-07-27,7.782510,6.509700,-0.017490,inside
2021-07-28,7.780500,6.489400,-0.019500,inside
2021-07-29,7.770040,6.455300,-0.029960,inside
2021-08-01,7.772100,6.460500,-0.027900,inside
2021-08-02,7.773750,6.461000,-0.026250,inside
2021-08-03,7.777100,6.469200,-0.022900,inside
2021-08-04,7.775550,6.465200,-0.024450,inside
2021-08-05,7.776370,6.460300,-0.023630,inside
2021-08-08,7.780200,6.482500,-0.019800,inside
2021-08-09,7.783100,6.485200,-0.016900,inside
2021-08-10,7.780900,6.484900,-0.019100,inside
2021-08-11,7.778370,6.478200,-0.021630,inside
2021-08-12,7.781660,6.478300,-0.018340,inside
2021-08-15,7.782200,6.476400,-0.017800,inside
2021-08-16,7.784010,6.473600,-0.015990,inside
2021-08-17,7.791800,6.485100,-0.008200,inside
2021-08-18,7.787900,6.483200,-0.012100,inside
2021-08-19,7.789600,6.493700,-0.010400,inside
2021-08-22,7.790710,6.491600,-0.009290,inside
2021-08-23,7.791600,6.480000,-0.008400,inside
2021-08-24,7.787800,6.469900,-0.012200,inside
2021-08-25,7.783500,6.474900,-0.016500,inside
2021-08-26,7.787180,6.480500,-0.012820,inside
2021-08-29,7.787400,6.470800,-0.012600,inside
2021-08-30,7.787090,6.465100,-0.012910,inside
2021-08-31,7.777900,6.459600,-0.022100,inside
2021-09-01,7.776700,6.459000,-0.023300,inside
2021-09-02,7.771200,6.455400,-0.028800,inside
2021-09-05,7.770900,6.451900,-0.029100,inside
2021-09-06,7.773700,6.456700,-0.026300,inside
2021-09-07,7.774480,6.465500,-0.025520,inside
2021-09-08,7.775490,6.460700,-0.024510,inside
2021-09-09,7.777240,6.454300,-0.022760,inside
2021-09-12,7.777910,6.443400,-0.022090,inside
2021-09-13,7.779340,6.450800,-0.020660,inside
2021-09-14,7.779600,6.438300,-0.020400,inside
2021-09-15,7.781200,6.431400,-0.018800,inside
2021-09-16,7.782820,6.456600,-0.017180,inside
2021-09-19,7.781930,6.465200,-0.018070,inside
2021-09-20,7.786860,6.465000,-0.013140,inside
2021-09-21,7.786320,6.466000,-0.013680,inside
2021-09-22,7.785600,6.460800,-0.014400,inside
2021-09-23,7.784970,6.457900,-0.015030,inside
2021-09-26,7.785300,6.465700,-0.014700,inside
2021-09-27,7.782700,6.456000,-0.017300,inside
2021-09-28,7.783000,6.459000,-0.017000,inside
2021-09-29,7.784890,6.469600,-0.015110,inside
2021-09-30,7.786140,6.445500,-0.013860,inside
2021-10-03,7.785300,6.445700,-0.014700,inside
2021-10-04,7.787400,6.445200,-0.012600,inside
2021-10-05,7.785090,6.445200,-0.014910,inside
2021-10-06,7.786280,6.445200,-0.013720,inside
2021-10-07,7.784860,6.445200,-0.015140,inside
2021-10-10,7.784300,6.442300,-0.015700,inside
2021-10-11,7.778610,6.449600,-0.021390,inside
2021-10-12,7.780980,6.448000,-0.019020,inside
2021-10-13,7.778900,6.426600,-0.021100,inside
2021-10-14,7.779350,6.439000,-0.020650,inside
2021-10-17,7.778100,6.434800,-0.021900,inside
2021-10-18,7.777150,6.428900,-0.022850,inside
2021-10-19,7.774920,6.381800,-0.025080,inside
2021-10-20,7.773700,6.392900,-0.026300,inside
2021-10-21,7.775110,6.391800,-0.024890,inside
2021-10-24,7.772570,6.383900,-0.027430,inside
2021-10-25,7.774250,6.384700,-0.025750,inside
2021-10-26,7.776000,6.381500,-0.024000,inside
2021-10-27,7.778300,6.391600,-0.021700,inside
2021-10-28,7.778000,6.390400,-0.022000,inside
2021-11-01,7.780230,6.404700,-0.019770,inside
2021-11-02,7.782310,6.396200,-0.017690,inside
2021-11-03,7.781280,6.398900,-0.018720,inside
2021-11-04,7.783200,6.406200,-0.016800,inside
2021-11-05,7.783000,6.396400,-0.017000,inside
2021-11-08,7.783740,6.397900,-0.016260,inside
2021-11-09,7.788380,6.391600,-0.011620,inside
2021-11-10,7.790000,6.391700,-0.010000,inside
2021-11-11,7.790890,6.388100,-0.009110,inside
2021-11-12,7.791700,6.389500,-0.008300,inside
2021-11-15,7.791750,6.378600,-0.008250,inside
2021-11-16,7.788860,6.382100,-0.011140,inside
2021-11-17,7.787300,6.391100,-0.012700,inside
2021-11-18,7.788900,6.376900,-0.011100,inside
2021-11-19,7.788910,6.385000,-0.011090,inside
2021-11-22,7.790940,6.386200,-0.009060,inside
2021-11-23,7.790400,6.384300,-0.009600,inside
2021-11-24,7.793700,6.390800,-0.006300,inside
2021-11-25,7.798390,6.391800,-0.001610,inside
2021-11-26,7.796300,6.386000,-0.003700,inside
2021-11-29,7.797920,6.392000,-0.002080,inside
2021-11-30,7.799530,6.387000,-0.000470,inside
2021-12-01,7.797400,6.363200,-0.002600,inside
2021-12-02,7.793490,6.367300,-0.006510,inside
2021-12-03,7.791700,6.375600,-0.008300,inside
2021-12-06,7.795400,6.375300,-0.004600,inside
2021-12-07,7.801540,6.374800,0.001540,inside
2021-12-08,7.798500,6.366300,-0.001500,inside
2021-12-09,7.797800,6.343700,-0.002200,inside
2021-12-10,7.796750,6.376500,-0.003250,inside
2021-12-13,7.798640,6.360000,-0.001360,inside
2021-12-14,7.801500,6.365500,0.001500,inside
2021-12-15,7.800900,6.366500,0.000900,inside
2021-12-16,7.802800,6.366500,0.002800,inside
2021-12-17,7.803250,6.367200,0.003250,inside
2021-12-20,7.802170,6.374000,0.002170,inside
2021-12-21,7.800900,6.374600,0.000900,inside
2021-12-22,7.801080,6.370600,0.001080,inside
2021-12-23,7.799690,6.369100,-0.000310,inside
2021-12-24,7.798500,6.368800,-0.001500,inside
2021-12-27,7.799350,6.366600,-0.000650,inside
2021-12-28,7.798500,6.369800,-0.001500,inside
2021-12-29,7.798000,6.367200,-0.002000,inside
2021-12-30,7.796550,6.367300,-0.003450,inside
2021-12-31,7.797560,6.372100,-0.002440,inside
2022-01-03,7.795920,6.354900,-0.004080,inside
2022-01-04,7.797700,6.355100,-0.002300,inside
2022-01-05,7.793500,6.354300,-0.006500,inside
2022-01-06,7.795200,6.354000,-0.004800,inside
2022-01-07,7.800620,6.381900,0.000620,inside
2022-01-10,7.798170,6.376200,-0.001830,inside
2022-01-11,7.795500,6.373900,-0.004500,inside
2022-01-12,7.796000,6.372900,-0.004000,inside
2022-01-13,7.791790,6.357600,-0.008210,inside
2022-01-14,7.787890,6.358100,-0.012110,inside
2022-01-17,7.784180,6.351500,-0.015820,inside
2022-01-18,7.789900,6.346700,-0.010100,inside
2022-01-19,7.792450,6.352200,-0.007550,inside
2022-01-20,7.791320,6.343500,-0.008680,inside
2022-01-21,7.786020,6.339500,-0.013980,inside
2022-01-24,7.787060,6.337700,-0.012940,inside
2022-01-25,7.786190,6.329800,-0.013810,inside
2022-01-26,7.785370,6.326500,-0.014630,inside
2022-01-27,7.786490,6.319600,-0.013510,inside
2022-01-28,7.789400,6.366900,-0.010600,inside
2022-01-31,7.793550,6.351000,-0.006450,inside
2022-02-01,7.797290,6.359500,-0.002710,inside
2022-02-02,7.794140,6.359500,-0.005860,inside
2022-02-03,7.795500,6.359500,-0.004500,inside
2022-02-04,7.793050,6.359500,-0.006950,inside
2022-02-07,7.787900,6.359500,-0.012100,inside
2022-02-08,7.791990,6.352300,-0.008010,inside
2022-02-09,7.793300,6.365700,-0.006700,inside
2022-02-10,7.791130,6.361400,-0.008870,inside
2022-02-11,7.796570,6.352600,-0.003430,inside
2022-02-14,7.800830,6.353100,0.000830,inside
2022-02-15,7.802600,6.355900,0.002600,inside
2022-02-16,7.801260,6.338000,0.001260,inside
2022-02-17,7.799500,6.335600,-0.000500,inside
2022-02-18,7.799100,6.335800,-0.000900,inside
2022-02-21,7.799740,6.324200,-0.000260,inside
2022-02-22,7.800900,6.334200,0.000900,inside
2022-02-23,7.801600,6.325300,0.001600,inside
2022-02-24,7.805070,6.312300,0.005070,inside
2022-02-25,7.807500,6.326800,0.007500,inside
2022-02-28,7.807480,6.316000,0.007480,inside
2022-03-01,7.813260,6.308400,0.013260,inside
2022-03-02,7.815900,6.311500,0.015900,inside
2022-03-03,7.813720,6.319600,0.013720,inside
2022-03-04,7.815600,6.319200,0.015600,inside
2022-03-07,7.814600,6.316700,0.014600,inside
2022-03-08,7.818300,6.319300,0.018300,inside
2022-03-09,7.818600,6.317600,0.018600,inside
2022-03-10,7.819070,6.316600,0.019070,inside
2022-03-11,7.822770,6.320800,0.022770,inside
2022-03-14,7.828020,6.338700,0.028020,inside
2022-03-15,7.828950,6.364500,0.028950,inside
2022-03-16,7.826700,6.369100,0.026700,inside
2022-03-17,7.820420,6.351200,0.020420,inside
2022-03-18,7.818270,6.345500,0.018270,inside
2022-03-21,7.823940,6.360200,0.023940,inside
2022-03-22,7.825030,6.354500,0.025030,inside
2022-03-23,7.826670,6.365300,0.026670,inside
2022-03-24,7.823660,6.371300,0.023660,inside
2022-03-25,7.823400,6.366300,0.023400,inside
2022-03-27,7.828410,6.365200,0.028410,inside
2022-03-28,7.828800,6.370700,0.028800,inside
2022-03-29,7.827200,6.363100,0.027200,inside
2022-03-30,7.827050,6.346200,0.027050,inside
2022-03-31,7.833480,6.338900,0.033480,inside
2022-04-03,7.834600,6.362100,0.034600,inside
2022-04-04,7.834460,6.362400,0.034460,inside
2022-04-05,7.833760,6.363100,0.033760,inside
2022-04-06,7.837110,6.358500,0.037110,inside
2022-04-07,7.836470,6.359700,0.036470,inside
2022-04-10,7.838860,6.364000,0.038860,inside
2022-04-11,7.837800,6.368700,0.037800,inside
2022-04-12,7.837430,6.365000,0.037430,inside
2022-04-13,7.838760,6.367200,0.038760,inside
2022-04-14,7.842620,6.377400,0.042620,inside
2022-04-17,7.843600,6.370200,0.043600,inside
2022-04-18,7.841500,6.366200,0.041500,inside
2022-04-19,7.841900,6.392400,0.041900,inside
2022-04-20,7.843900,6.417700,0.043900,inside
2022-04-21,7.844600,6.449300,0.044600,inside
2022-04-24,7.846290,6.500300,0.046290,inside
2022-04-25,7.847110,6.557900,0.047110,inside
2022-04-26,7.845600,6.556300,0.045600,inside
2022-04-27,7.846300,6.559500,0.046300,inside
2022-04-28,7.846700,6.625300,0.046700,inside
2022-05-01,7.847000,6.607500,0.047000,inside
2022-05-02,7.847500,6.607500,0.047500,inside
2022-05-03,7.847260,6.607400,0.047260,inside
2022-05-04,7.848000,6.607500,0.048000,inside
2022-05-05,7.849200,6.654600,0.049200,inside
2022-05-08,7.849650,6.665600,0.049650,inside
2022-05-09,7.849400,6.729800,0.049400,inside
2022-05-10,7.849650,6.733600,0.049650,inside
2022-05-11,7.849760,6.720700,0.049760,inside
2022-05-12,7.849840,6.785900,0.049840,inside
2022-05-15,7.849730,6.788000,0.049730,inside
2022-05-16,7.850000,6.785100,0.050000,inside
2022-05-17,7.849380,6.736200,0.049380,inside
2022-05-18,7.848800,6.753400,0.048800,inside
2022-05-19,7.847900,6.712100,0.047900,inside
2022-05-22,7.848280,6.692000,0.048280,inside
2022-05-23,7.849100,6.649800,0.049100,inside
2022-05-24,7.849060,6.653000,0.049060,inside
2022-05-25,7.849500,6.691700,0.049500,inside
2022-05-26,7.849200,6.737800,0.049200,inside
2022-05-29,7.849060,6.697600,0.049060,inside
2022-05-30,7.848190,6.660300,0.048190,inside
2022-05-31,7.847220,6.671700,0.047220,inside
2022-06-01,7.847430,6.685200,0.047430,inside
2022-06-02,7.844760,6.659200,0.044760,inside
2022-06-05,7.845730,6.659300,0.045730,inside
2022-06-06,7.845600,6.652900,0.045600,inside
2022-06-07,7.845360,6.669700,0.045360,inside
2022-06-08,7.847840,6.682700,0.047840,inside
2022-06-09,7.848800,6.690800,0.048800,inside
2022-06-12,7.849310,6.707900,0.049310,inside
2022-06-13,7.849800,6.753500,0.049800,inside
2022-06-14,7.849900,6.739500,0.049900,inside
2022-06-15,7.848600,6.712300,0.048600,inside
2022-06-16,7.849200,6.703400,0.049200,inside
2022-06-19,7.849680,6.715700,0.049680,inside
2022-06-20,7.849700,6.691400,0.049700,inside
2022-06-21,7.849730,6.688400,0.049730,inside
2022-06-22,7.849500,6.701100,0.049500,inside
2022-06-23,7.849400,6.697300,0.049400,inside
2022-06-26,7.849090,6.688800,0.049090,inside
2022-06-27,7.846600,6.690700,0.046600,inside
2022-06-28,7.845800,6.707300,0.045800,inside
2022-06-29,7.845990,6.699800,0.045990,inside
2022-06-30,7.847100,6.698200,0.047100,inside
2022-07-03,7.846800,6.700500,0.046800,inside
2022-07-04,7.846000,6.698600,0.046000,inside
2022-07-05,7.846620,6.718800,0.046620,inside
2022-07-06,7.846900,6.706500,0.046900,inside
2022-07-07,7.847490,6.700500,0.047490,inside
2022-07-10,7.848810,6.694300,0.048810,inside
2022-07-11,7.849700,6.717200,0.049700,inside
2022-07-12,7.849700,6.723300,0.049700,inside
2022-07-13,7.849300,6.717600,0.049300,inside
2022-07-14,7.849660,6.755200,0.049660,inside
2022-07-17,7.849600,6.756500,0.049600,inside
2022-07-18,7.849800,6.742300,0.049800,inside
2022-07-19,7.850500,6.743700,0.050500,weak_side
2022-07-20,7.849590,6.754900,0.049590,inside
2022-07-21,7.848600,6.765600,0.048600,inside
2022-07-24,7.849440,6.750500,0.049440,inside
2022-07-25,7.849130,6.749500,0.049130,inside
2022-07-26,7.849260,6.762300,0.049260,inside
2022-07-27,7.849100,6.757400,0.049100,inside
2022-07-28,7.849500,6.745800,0.049500,inside
2022-07-31,7.849440,6.743200,0.049440,inside
2022-08-01,7.849800,6.767700,0.049800,inside
2022-08-02,7.849700,6.751800,0.049700,inside
2022-08-03,7.849400,6.757000,0.049400,inside
2022-08-04,7.849500,6.747800,0.049500,inside
2022-08-07,7.849800,6.760900,0.049800,inside
2022-08-08,7.849770,6.749900,0.049770,inside
2022-08-09,7.849700,6.751700,0.049700,inside
2022-08-10,7.846600,6.722800,0.046600,inside
2022-08-11,7.842800,6.743600,0.042800,inside
2022-08-14,7.838600,6.741800,0.038600,inside
2022-08-15,7.837900,6.772000,0.037900,inside
2022-08-16,7.840900,6.787400,0.040900,inside
2022-08-17,7.842500,6.779900,0.042500,inside
2022-08-18,7.843500,6.784600,0.043500,inside
2022-08-21,7.846200,6.815700,0.046200,inside
2022-08-22,7.846200,6.847900,0.046200,inside
2022-08-23,7.846400,6.833600,0.046400,inside
2022-08-24,7.845800,6.858500,0.045800,inside
2022-08-25,7.846300,6.848300,0.046300,inside
2022-08-28,7.847700,6.870800,0.047700,inside
2022-08-29,7.847200,6.907000,0.047200,inside
2022-08-30,7.848900,6.910800,0.048900,inside
2022-08-31,7.848060,6.888900,0.048060,inside
2022-09-01,7.848000,6.905500,0.048000,inside
2022-09-04,7.848670,6.899000,0.048670,inside
2022-09-05,7.848800,6.933100,0.048800,inside
2022-09-06,7.849500,6.953100,0.049500,inside
2022-09-07,7.849280,6.965300,0.049280,inside
2022-09-08,7.849000,6.956500,0.049000,inside
2022-09-11,7.848800,6.925500,0.048800,inside
2022-09-12,7.848660,6.925000,0.048660,inside
2022-09-13,7.849500,6.924100,0.049500,inside
2022-09-14,7.848760,6.961000,0.048760,inside
2022-09-15,7.849000,6.993000,0.049000,inside
2022-09-18,7.849160,6.979000,0.049160,inside
2022-09-19,7.848900,7.005600,0.048900,inside
2022-09-20,7.849280,7.017200,0.049280,inside
2022-09-21,7.849680,7.047900,0.049680,inside
2022-09-22,7.848900,7.076600,0.048900,inside
2022-09-25,7.849580,7.127400,0.049580,inside
2022-09-26,7.849280,7.148000,0.049280,inside
2022-09-27,7.849600,7.176800,0.049600,inside
2022-09-28,7.848800,7.199000,0.048800,inside
2022-09-29,7.849600,7.123900,0.049600,inside
2022-10-02,7.849660,7.115000,0.049660,inside
2022-10-03,7.851000,7.114900,0.051000,weak_side
2022-10-04,7.849630,7.115000,0.049630,inside
2022-10-05,7.849440,7.115000,0.049440,inside
2022-10-06,7.849900,7.115000,0.049900,inside
2022-10-09,7.849630,7.115000,0.049630,inside
2022-10-10,7.849690,7.153600,0.049690,inside
2022-10-11,7.849800,7.164400,0.049800,inside
2022-10-12,7.849480,7.174100,0.049480,inside
2022-10-13,7.849580,7.169500,0.049580,inside
2022-10-16,7.849400,7.190000,0.049400,inside
2022-10-17,7.849200,7.195500,0.049200,inside
2022-10-18,7.849490,7.200600,0.049490,inside
2022-10-19,7.849200,7.227300,0.049200,inside
2022-10-20,7.848570,7.215800,0.048570,inside
2022-10-23,7.849400,7.242800,0.049400,inside
2022-10-24,7.849630,7.261900,0.049630,inside
2022-10-25,7.849300,7.303800,0.049300,inside
2022-10-26,7.849300,7.171900,0.049300,inside
2022-10-27,7.849300,7.227900,0.049300,inside
2022-10-31,7.848740,7.251400,0.048740,inside
2022-11-01,7.849480,7.301800,0.049480,inside
2022-11-02,7.849630,7.276600,0.049630,inside
2022-11-03,7.849660,7.288700,0.049660,inside
2022-11-04,7.849760,7.300800,0.049760,inside
2022-11-07,7.849510,7.175100,0.049510,inside
2022-11-08,7.850000,7.228800,0.050000,inside
2022-11-09,7.849100,7.248200,0.049100,inside
2022-11-10,7.849370,7.240800,0.049370,inside
2022-11-11,7.845400,7.185900,0.045400,inside
2022-11-14,7.835640,7.107100,0.035640,inside
2022-11-15,7.836000,7.072900,0.036000,inside
2022-11-16,7.819900,7.043000,0.019900,inside
2022-11-17,7.824200,7.087200,0.024200,inside
2022-11-18,7.826470,7.156200,0.026470,inside
2022-11-21,7.819140,7.118900,0.019140,inside
2022-11-22,7.804300,7.164200,0.004300,inside
2022-11-23,7.817400,7.139300,0.017400,inside
2022-11-24,7.818100,7.165800,0.018100,inside
2022-11-25,7.808400,7.150300,0.008400,inside
2022-11-28,7.808090,7.170500,0.008090,inside
2022-11-29,7.813420,7.207100,0.013420,inside
2022-11-30,7.810750,7.159400,0.010750,inside
2022-12-01,7.804730,7.076200,0.004730,inside
2022-12-02,7.779500,7.043700,-0.020500,inside
2022-12-05,7.785140,7.023900,-0.014860,inside
2022-12-06,7.768900,6.960900,-0.031100,inside
2022-12-07,7.775260,6.994900,-0.024740,inside
2022-12-08,7.791500,6.972600,-0.008500,inside
2022-12-09,7.783840,6.966300,-0.016160,inside
2022-12-12,7.786850,6.956600,-0.013150,inside
2022-12-13,7.774800,6.976500,-0.025200,inside
2022-12-14,7.774800,6.943400,-0.025200,inside
2022-12-15,7.775600,6.949900,-0.024400,inside
2022-12-16,7.775760,6.972200,-0.024240,inside
2022-12-19,7.778550,6.972100,-0.021450,inside
2022-12-20,7.780300,6.978600,-0.019700,inside
2022-12-21,7.787900,6.960800,-0.012100,inside
2022-12-22,7.796100,6.980600,-0.003900,inside
2022-12-23,7.795300,6.983000,-0.004700,inside
2022-12-26,7.803510,6.988700,0.003510,inside
2022-12-27,7.805100,6.961200,0.005100,inside
2022-12-28,7.800400,6.959000,0.000400,inside
2022-12-29,7.793810,6.977600,-0.006190,inside
2022-12-30,7.794400,6.963100,-0.005600,inside
2023-01-02,7.799250,6.896900,-0.000750,inside
2023-01-03,7.805500,6.897100,0.005500,inside
2023-01-04,7.813200,6.914100,0.013200,inside
2023-01-05,7.815710,6.887800,0.015710,inside
2023-01-06,7.811500,6.881500,0.011500,inside
2023-01-09,7.807820,6.837400,0.007820,inside
2023-01-10,7.804800,6.771000,0.004800,inside
2023-01-11,7.808500,6.777400,0.008500,inside
2023-01-12,7.811100,6.769000,0.011100,inside
2023-01-13,7.808250,6.737800,0.008250,inside
2023-01-16,7.810210,6.701800,0.010210,inside
2023-01-17,7.810420,6.732500,0.010420,inside
2023-01-18,7.818160,6.772400,0.018160,inside
2023-01-19,7.823440,6.747100,0.023440,inside
2023-01-20,7.829800,6.775800,0.029800,inside
2023-01-23,7.827440,6.782600,0.027440,inside
2023-01-24,7.831000,6.783000,0.031000,inside
2023-01-25,7.831500,6.783500,0.031500,inside
2023-01-26,7.829500,6.782900,0.029500,inside
2023-01-27,7.828080,6.782500,0.028080,inside
2023-01-30,7.828520,6.782400,0.028520,inside
2023-01-31,7.835130,6.747800,0.035130,inside
2023-02-01,7.839660,6.753600,0.039660,inside
2023-02-02,7.839000,6.740800,0.039000,inside
2023-02-03,7.844400,6.731500,0.044400,inside
2023-02-06,7.846330,6.774200,0.046330,inside
2023-02-07,7.846760,6.794000,0.046760,inside
2023-02-08,7.848500,6.791200,0.048500,inside
2023-02-09,7.848700,6.788200,0.048700,inside
2023-02-10,7.849700,6.779700,0.049700,inside
2023-02-13,7.849290,6.808300,0.049290,inside
2023-02-14,7.849740,6.821900,0.049740,inside
2023-02-15,7.848800,6.825900,0.048800,inside
2023-02-16,7.846410,6.851900,0.046410,inside
2023-02-17,7.848970,6.859700,0.048970,inside
2023-02-20,7.844530,6.857600,0.044530,inside
2023-02-21,7.833900,6.854100,0.033900,inside
2023-02-22,7.844800,6.872500,0.044800,inside
2023-02-23,7.845160,6.891300,0.045160,inside
2023-02-24,7.846840,6.907000,0.046840,inside
2023-02-27,7.847780,6.955000,0.047780,inside
2023-02-28,7.844900,6.943900,0.044900,inside
2023-03-01,7.849020,6.932300,0.049020,inside
2023-03-02,7.848100,6.868000,0.048100,inside
2023-03-03,7.849400,6.913800,0.049400,inside
2023-03-06,7.849450,6.906800,0.049450,inside
2023-03-07,7.849420,6.929400,0.049420,inside
2023-03-08,7.849690,6.961400,0.049690,inside
2023-03-09,7.849460,6.950300,0.049460,inside
2023-03-10,7.849580,6.963600,0.049580,inside
2023-03-13,7.847520,6.905200,0.047520,inside
2023-03-14,7.844600,6.844600,0.044600,inside
2023-03-15,7.848000,6.870500,0.048000,inside
2023-03-16,7.848050,6.905900,0.048050,inside
2023-03-17,7.849220,6.897500,0.049220,inside
2023-03-20,7.848850,6.886100,0.048850,inside
2023-03-21,7.842800,6.877700,0.042800,inside
2023-03-22,7.845620,6.883000,0.045620,inside
2023-03-23,7.847030,6.879200,0.047030,inside
2023-03-24,7.849400,6.818400,0.049400,inside
2023-03-26,7.849530,6.867000,0.049530,inside
2023-03-27,7.849700,6.884400,0.049700,inside
2023-03-28,7.849700,6.873300,0.049700,inside
2023-03-29,7.849900,6.885600,0.049900,inside
2023-03-30,7.849570,6.870400,0.049570,inside
2023-04-02,7.849600,6.868000,0.049600,inside
2023-04-03,7.846810,6.877300,0.046810,inside
2023-04-04,7.849300,6.878800,0.049300,inside
2023-04-05,7.849800,6.878500,0.049800,inside
2023-04-06,7.849740,6.874900,0.049740,inside
2023-04-09,7.849700,6.869300,0.049700,inside
2023-04-10,7.849400,6.881100,0.049400,inside
2023-04-11,7.849800,6.885500,0.049800,inside
2023-04-12,7.847210,6.873700,0.047210,inside
2023-04-13,7.849700,6.867800,0.049700,inside
2023-04-16,7.849280,6.870400,0.049280,inside
2023-04-17,7.849280,6.878800,0.049280,inside
2023-04-18,7.849170,6.874900,0.049170,inside
2023-04-19,7.848970,6.885100,0.048970,inside
2023-04-20,7.848790,6.872100,0.048790,inside
2023-04-23,7.847900,6.892500,0.047900,inside
2023-04-24,7.849100,6.894900,0.049100,inside
2023-04-25,7.849600,6.931600,0.049600,inside
2023-04-26,7.849700,6.925800,0.049700,inside
2023-04-27,7.849900,6.922300,0.049900,inside
2023-04-30,7.849900,6.911100,0.049900,inside
2023-05-01,7.849630,6.911000,0.049630,inside
2023-05-02,7.849760,6.910600,0.049760,inside
2023-05-03,7.848790,6.910600,0.048790,inside
2023-05-04,7.847100,6.905700,0.047100,inside
2023-05-07,7.847180,6.909500,0.047180,inside
2023-05-08,7.848670,6.911500,0.048670,inside
2023-05-09,7.841700,6.919400,0.041700,inside
2023-05-10,7.832150,6.932200,0.032150,inside
2023-05-11,7.836800,6.947700,0.036800,inside
2023-05-14,7.842400,6.957300,0.042400,inside
2023-05-15,7.838320,6.951600,0.038320,inside
2023-05-16,7.838300,6.976600,0.038300,inside
2023-05-17,7.829700,6.997100,0.029700,inside
2023-05-18,7.827300,7.035100,0.027300,inside
2023-05-21,7.816800,7.006900,0.016800,inside
2023-05-22,7.828500,7.030900,0.028500,inside
2023-05-23,7.836820,7.056400,0.036820,inside
2023-05-24,7.829900,7.059800,0.029900,inside
2023-05-25,7.835000,7.077400,0.035000,inside
2023-05-28,7.834550,7.054800,0.034550,inside
2023-05-29,7.828000,7.072300,0.028000,inside
2023-05-30,7.834070,7.079000,0.034070,inside
2023-05-31,7.831210,7.110800,0.031210,inside
2023-06-01,7.831500,7.093000,0.031500,inside
2023-06-04,7.837470,7.083800,0.037470,inside
2023-06-05,7.837860,7.105000,0.037860,inside
2023-06-06,7.843000,7.118800,0.043000,inside
2023-06-07,7.839740,7.128800,0.039740,inside
2023-06-08,7.836780,7.111200,0.036780,inside
2023-06-11,7.838800,7.127600,0.038800,inside
2023-06-12,7.834420,7.144600,0.034420,inside
2023-06-13,7.833310,7.166500,0.033310,inside
2023-06-14,7.830900,7.162600,0.030900,inside
2023-06-15,7.822570,7.119900,0.022570,inside
2023-06-18,7.821180,7.125600,0.021180,inside
2023-06-19,7.817100,7.160400,0.017100,inside
2023-06-20,7.825800,7.180800,0.025800,inside
2023-06-21,7.828300,7.178400,0.028300,inside
2023-06-22,7.830100,7.178500,0.030100,inside
2023-06-25,7.829730,7.178500,0.029730,inside
2023-06-26,7.830200,7.236500,0.030200,inside
2023-06-27,7.833110,7.218700,0.033110,inside
2023-06-28,7.832940,7.243400,0.032940,inside
2023-06-29,7.838800,7.251800,0.038800,inside
2023-07-02,7.837300,7.242400,0.037300,inside
2023-07-03,7.834100,7.239800,0.034100,inside
2023-07-04,7.831400,7.213500,0.031400,inside
2023-07-05,7.822100,7.246400,0.022100,inside
2023-07-06,7.820400,7.249200,0.020400,inside
2023-07-09,7.827300,7.211300,0.027300,inside
2023-07-10,7.828200,7.230600,0.028200,inside
2023-07-11,7.826800,7.209200,0.026800,inside
2023-07-12,7.825490,7.165300,0.025490,inside
2023-07-13,7.821400,7.150000,0.021400,inside
2023-07-16,7.814700,7.140300,0.014700,inside
2023-07-17,7.813970,7.170600,0.013970,inside
2023-07-18,7.813900,7.179300,0.013900,inside
2023-07-19,7.808400,7.225900,0.008400,inside
2023-07-20,7.813700,7.176500,0.013700,inside
2023-07-23,7.817070,7.177900,0.017070,inside
2023-07-24,7.813470,7.185300,0.013470,inside
2023-07-25,7.811200,7.135400,0.011200,inside
2023-07-26,7.802000,7.150000,0.002000,inside
2023-07-27,7.802940,7.173100,0.002940,inside
2023-07-30,7.796470,7.102800,-0.003530,inside
2023-07-31,7.797920,7.095700,-0.002080,inside
2023-08-01,7.794200,7.176500,-0.005800,inside
2023-08-02,7.801880,7.190400,0.001880,inside
2023-08-03,7.808200,7.162800,0.008200,inside
2023-08-06,7.811500,7.131200,0.011500,inside
2023-08-07,7.807400,7.192300,0.007400,inside
2023-08-08,7.814100,7.215700,0.014100,inside
2023-08-09,7.820420,7.208600,0.020420,inside
2023-08-10,7.819600,7.214700,0.019600,inside
2023-08-13,7.817600,7.192300,0.017600,inside
2023-08-14,7.819300,7.257300,0.019300,inside
2023-08-15,7.824100,7.281500,0.024100,inside
2023-08-16,7.831300,7.297000,0.031300,inside
2023-08-17,7.829700,7.280400,0.029700,inside
2023-08-20,7.832640,7.280700,0.032640,inside
2023-08-21,7.839000,7.198000,0.039000,inside
2023-08-22,7.837880,7.292400,0.037880,inside
2023-08-23,7.840800,7.170500,0.040800,inside
2023-08-24,7.841300,7.276500,0.041300,inside
2023-08-27,7.843340,7.289000,0.043340,inside
2023-08-28,7.845910,7.289100,0.045910,inside
2023-08-29,7.846200,7.279400,0.046200,inside
2023-08-30,7.845860,7.283600,0.045860,inside
2023-08-31,7.842400,7.256900,0.042400,inside
2023-09-03,7.845590,7.140100,0.045590,inside
2023-09-04,7.835700,7.271900,0.035700,inside
2023-09-05,7.841600,7.303400,0.041600,inside
2023-09-06,7.842600,7.315900,0.042600,inside
2023-09-07,7.836880,7.327800,0.036880,inside
2023-09-10,7.840420,7.232400,0.040420,inside
2023-09-11,7.831860,7.288000,0.031860,inside
2023-09-12,7.827400,7.290900,0.027400,inside
2023-09-13,7.826300,7.268800,0.026300,inside
2023-09-14,7.829200,7.275900,0.029200,inside
2023-09-17,7.825450,7.273900,0.025450,inside
2023-09-18,7.818200,7.290600,0.018200,inside
2023-09-19,7.820900,7.295600,0.020900,inside
2023-09-20,7.823800,7.286000,0.023800,inside
2023-09-21,7.821000,7.306500,0.021000,inside
2023-09-24,7.820410,7.297500,0.020410,inside
2023-09-25,7.816360,7.309900,0.016360,inside
2023-09-26,7.821300,7.310700,0.021300,inside
2023-09-27,7.821080,7.308100,0.021080,inside
2023-09-28,7.829350,7.299900,0.029350,inside
2023-10-01,7.831600,7.163600,0.031600,inside
2023-10-02,7.831900,7.179900,0.031900,inside
2023-10-03,7.832600,7.194300,0.032600,inside
2023-10-04,7.828800,7.200300,0.028800,inside
2023-10-05,7.831100,7.197700,0.031100,inside
2023-10-08,7.831460,7.300500,0.031460,inside
2023-10-09,7.828700,7.290400,0.028700,inside
2023-10-10,7.819240,7.295000,0.019240,inside
2023-10-11,7.819700,7.298700,0.019700,inside
2023-10-12,7.823800,7.301500,0.023800,inside
2023-10-15,7.823310,7.168100,0.023310,inside
2023-10-16,7.817500,7.309300,0.017500,inside
2023-10-17,7.824300,7.311700,0.024300,inside
2023-10-18,7.828590,7.313500,0.028590,inside
2023-10-19,7.823680,7.311200,0.023680,inside
2023-10-22,7.825240,7.315400,0.025240,inside
2023-10-23,7.823870,7.314100,0.023870,inside
2023-10-24,7.823550,7.309000,0.023550,inside
2023-10-25,7.821900,7.315700,0.021900,inside
2023-10-26,7.820400,7.314900,0.020400,inside
2023-10-30,7.821570,7.158700,0.021570,inside
2023-10-31,7.820700,7.312100,0.020700,inside
2023-11-01,7.824370,7.315500,0.024370,inside
2023-11-02,7.822190,7.315900,0.022190,inside
2023-11-03,7.824520,7.314100,0.024520,inside
2023-11-06,7.824120,7.298500,0.024120,inside
2023-11-07,7.820900,7.268600,0.020900,inside
2023-11-08,7.819700,7.278100,0.019700,inside
2023-11-09,7.814660,7.279300,0.014660,inside
2023-11-10,7.808900,7.282300,0.008900,inside
2023-11-13,7.811180,7.181800,0.011180,inside
2023-11-14,7.808600,7.289000,0.008600,inside
2023-11-15,7.805320,7.252100,0.005320,inside
2023-11-16,7.807070,7.245800,0.007070,inside
2023-11-17,7.802360,7.241000,0.002360,inside
2023-11-20,7.795430,7.209700,-0.004570,inside
2023-11-21,7.792290,7.167500,-0.007710,inside
2023-11-22,7.795600,7.086900,-0.004400,inside
2023-11-23,7.796500,7.154200,-0.003500,inside
2023-11-24,7.798300,7.085800,-0.001700,inside
2023-11-27,7.791700,7.081900,-0.008300,inside
2023-11-28,7.788690,7.130300,-0.011310,inside
2023-11-29,7.794510,7.063800,-0.005490,inside
2023-11-30,7.804100,7.078900,0.004100,inside
2023-12-01,7.810260,7.075400,0.010260,inside
2023-12-04,7.814080,7.061800,0.014080,inside
2023-12-05,7.815530,7.135200,0.015530,inside
2023-12-06,7.819100,7.145600,0.019100,inside
2023-12-07,7.810770,7.144600,0.010770,inside
2023-12-08,7.811500,7.148800,0.011500,inside
2023-12-11,7.809460,7.126600,0.009460,inside
2023-12-12,7.806200,7.174200,0.006200,inside
2023-12-13,7.809500,7.176000,0.009500,inside
2023-12-14,7.811400,7.171700,0.011400,inside
2023-12-15,7.806900,7.067000,0.006900,inside
2023-12-18,7.802300,7.070500,0.002300,inside
2023-12-19,7.795100,7.132000,-0.004900,inside
2023-12-20,7.799600,7.067600,-0.000400,inside
2023-12-21,7.806860,7.134100,0.006860,inside
2023-12-22,7.809560,7.138500,0.009560,inside
2023-12-25,7.809880,7.083300,0.009880,inside
2023-12-26,7.809900,7.135500,0.009900,inside
2023-12-27,7.806800,7.142400,0.006800,inside
2023-12-28,7.809900,7.140200,0.009900,inside
2023-12-29,7.811800,7.107000,0.011800,inside
2024-01-01,7.808000,7.068600,0.008000,inside
2024-01-02,7.809660,7.068600,0.009660,inside
2024-01-03,7.814930,7.089600,0.014930,inside
2024-01-04,7.807500,7.098900,0.007500,inside
2024-01-05,7.809100,7.110000,0.009100,inside
2024-01-08,7.811240,7.092500,0.011240,inside
2024-01-09,7.806000,7.090000,0.006000,inside
2024-01-10,7.815820,7.101600,0.015820,inside
2024-01-11,7.819900,7.170400,0.019900,inside
2024-01-12,7.817800,7.103100,0.017800,inside
2024-01-15,7.819970,7.100600,0.019970,inside
2024-01-16,7.822720,7.097000,0.022720,inside
2024-01-17,7.826300,7.116500,0.026300,inside
2024-01-18,7.822490,7.114500,0.022490,inside
2024-01-19,7.821310,7.115000,0.021310,inside
2024-01-22,7.817060,7.107100,0.017060,inside
2024-01-23,7.817440,7.192700,0.017440,inside
2024-01-24,7.822000,7.077600,0.022000,inside
2024-01-25,7.817700,7.082000,0.017700,inside
2024-01-26,7.818400,7.081100,0.018400,inside
2024-01-29,7.813120,7.086600,0.013120,inside
2024-01-30,7.813800,7.084500,0.013800,inside
2024-01-31,7.817000,7.094100,0.017000,inside
2024-02-01,7.817500,7.100700,0.017500,inside
2024-02-02,7.820100,7.088500,0.020100,inside
2024-02-05,7.821340,7.112600,0.021340,inside
2024-02-06,7.821600,7.108500,0.021600,inside
2024-02-07,7.822230,7.100100,0.022230,inside
2024-02-08,7.819100,7.101100,0.019100,inside
2024-02-09,7.821300,7.107000,0.021300,inside
2024-02-12,7.819580,7.179000,0.019580,inside
2024-02-13,7.817680,7.192200,0.017680,inside
2024-02-14,7.819360,7.188700,0.019360,inside
2024-02-15,7.818110,7.175900,0.018110,inside
2024-02-16,7.820030,7.163900,0.020030,inside
2024-02-19,7.820600,7.118600,0.020600,inside
2024-02-20,7.820900,7.197200,0.020900,inside
2024-02-21,7.820910,7.189700,0.020910,inside
2024-02-22,7.820650,7.188100,0.020650,inside
2024-02-23,7.822500,7.193300,0.022500,inside
2024-02-26,7.823940,7.194400,0.023940,inside
2024-02-27,7.824220,7.196300,0.024220,inside
2024-02-28,7.824500,7.197400,0.024500,inside
2024-02-29,7.827800,7.196000,0.027800,inside
2024-03-01,7.828390,7.187200,0.028390,inside
2024-03-04,7.828300,7.195800,0.028300,inside
2024-03-05,7.824900,7.198900,0.024900,inside
2024-03-06,7.824380,7.196000,0.024380,inside
2024-03-07,7.824000,7.195900,0.024000,inside
2024-03-08,7.820400,7.192300,0.020400,inside
2024-03-11,7.820360,7.185200,0.020360,inside
2024-03-12,7.821400,7.183800,0.021400,inside
2024-03-13,7.824040,7.181000,0.024040,inside
2024-03-14,7.823080,7.186600,0.023080,inside
2024-03-15,7.822040,7.192200,0.022040,inside
2024-03-18,7.821820,7.195000,0.021820,inside
2024-03-19,7.819430,7.197200,0.019430,inside
2024-03-20,7.822700,7.198000,0.022700,inside
2024-03-21,7.823000,7.197600,0.023000,inside
2024-03-22,7.820800,7.198200,0.020800,inside
2024-03-25,7.821440,7.228100,0.021440,inside
2024-03-26,7.821420,7.208400,0.021420,inside
2024-03-27,7.822970,7.217700,0.022970,inside
2024-03-28,7.823500,7.225800,0.023500,inside
2024-03-29,7.825700,7.226500,0.025700,inside
2024-03-31,7.825510,7.220300,0.025510,inside
2024-04-01,7.825200,7.229700,0.025200,inside
2024-04-02,7.828400,7.232400,0.028400,inside
2024-04-03,7.828480,7.234400,0.028480,inside
2024-04-04,7.829200,7.233900,0.029200,inside
2024-04-07,7.828580,7.231400,0.028580,inside
2024-04-08,7.831700,7.229700,0.031700,inside
2024-04-09,7.830490,7.230700,0.030490,inside
2024-04-10,7.835300,7.231500,0.035300,inside
2024-04-11,7.837800,7.235900,0.037800,inside
2024-04-14,7.837280,7.235600,0.037280,inside
2024-04-15,7.828900,7.237000,0.028900,inside
2024-04-16,7.831920,7.236200,0.031920,inside
2024-04-17,7.830090,7.237400,0.030090,inside
2024-04-18,7.831500,7.236700,0.031500,inside
2024-04-21,7.831710,7.239400,0.031710,inside
2024-04-22,7.835590,7.242500,0.035590,inside
2024-04-23,7.834200,7.244500,0.034200,inside
2024-04-24,7.830700,7.244200,0.030700,inside
2024-04-25,7.827700,7.238600,0.027700,inside
2024-04-28,7.828870,7.244600,0.028870,inside
2024-04-29,7.825500,7.237700,0.025500,inside
2024-04-30,7.823600,7.240700,0.023600,inside
2024-05-01,7.821770,7.239900,0.021770,inside
2024-05-02,7.813880,7.238400,0.013880,inside
2024-05-05,7.809970,7.236200,0.009970,inside
2024-05-06,7.818260,7.208000,0.018260,inside
2024-05-07,7.820610,7.218400,0.020610,inside
2024-05-08,7.816600,7.223800,0.016600,inside
2024-05-09,7.814100,7.218700,0.014100,inside
2024-05-12,7.815000,7.225800,0.015000,inside
2024-05-13,7.812400,7.232300,0.012400,inside
2024-05-14,7.811600,7.232300,0.011600,inside
2024-05-15,7.807550,7.217700,0.007550,inside
2024-05-16,7.801270,7.217000,0.001270,inside
2024-05-19,7.802250,7.222700,0.002250,inside
2024-05-20,7.798700,7.231700,-0.001300,inside
2024-05-21,7.804520,7.237600,0.004520,inside
2024-05-22,7.803820,7.240300,0.003820,inside
2024-05-23,7.808510,7.241500,0.008510,inside
2024-05-26,7.812200,7.241500,0.012200,inside
2024-05-27,7.806820,7.241500,0.006820,inside
2024-05-28,7.811110,7.245000,0.011110,inside
2024-05-29,7.813570,7.249400,0.013570,inside
2024-05-30,7.817200,7.233500,0.017200,inside
2024-06-02,7.819700,7.241000,0.019700,inside
2024-06-03,7.819900,7.242000,0.019900,inside
2024-06-04,7.813900,7.242000,0.013900,inside
2024-06-05,7.810000,7.246700,0.010000,inside
2024-06-06,7.809320,7.244100,0.009320,inside
2024-06-09,7.811600,7.246800,0.011600,inside
2024-06-10,7.811900,7.246800,0.011900,inside
2024-06-11,7.811920,7.246700,0.011920,inside
2024-06-12,7.808300,7.238100,0.008300,inside
2024-06-13,7.810360,7.251600,0.010360,inside
2024-06-16,7.811950,7.254300,0.011950,inside
2024-06-17,7.810500,7.255000,0.010500,inside
2024-06-18,7.807360,7.252700,0.007360,inside
2024-06-19,7.806130,7.256300,0.006130,inside
2024-06-20,7.804810,7.259100,0.004810,inside
2024-06-23,7.803300,7.259200,0.003300,inside
2024-06-24,7.808000,7.257700,0.008000,inside
2024-06-25,7.808900,7.261400,0.008900,inside
2024-06-26,7.808700,7.263500,0.008700,inside
2024-06-27,7.809000,7.267200,0.009000,inside
2024-06-30,7.808630,7.265800,0.008630,inside
2024-07-01,7.812260,7.266900,0.012260,inside
2024-07-02,7.813500,7.269400,0.013500,inside
2024-07-03,7.808400,7.268600,0.008400,inside
2024-07-04,7.809100,7.265800,0.009100,inside
2024-07-07,7.812630,7.267800,0.012630,inside
2024-07-08,7.809830,7.267100,0.009830,inside
2024-07-09,7.811800,7.271700,0.011800,inside
2024-07-10,7.810800,7.274500,0.010800,inside
2024-07-11,7.807460,7.254800,0.007460,inside
2024-07-14,7.807350,7.249400,0.007350,inside
2024-07-15,7.806900,7.258900,0.006900,inside
2024-07-16,7.807470,7.260600,0.007470,inside
2024-07-17,7.806700,7.259400,0.006700,inside
2024-07-18,7.810000,7.258900,0.010000,inside
2024-07-21,7.809450,7.269000,0.009450,inside
2024-07-22,7.806700,7.272700,0.006700,inside
2024-07-23,7.807700,7.274300,0.007700,inside
2024-07-24,7.808800,7.261200,0.008800,inside
2024-07-25,7.806700,7.230100,0.006700,inside
2024-07-28,7.806700,7.250100,0.006700,inside
2024-07-29,7.810300,7.258300,0.010300,inside
2024-07-30,7.812590,7.250700,0.012590,inside
2024-07-31,7.812800,7.217200,0.012800,inside
2024-08-01,7.814200,7.242800,0.014200,inside
2024-08-04,7.804970,7.157200,0.004970,inside
2024-08-05,7.792900,7.120200,-0.007100,inside
2024-08-06,7.794700,7.156300,-0.005300,inside
2024-08-07,7.792200,7.180300,-0.007800,inside
2024-08-08,7.793840,7.173700,-0.006160,inside
2024-08-11,7.798400,7.166300,-0.001600,inside
2024-08-12,7.791540,7.174000,-0.008460,inside
2024-08-13,7.788700,7.152900,-0.011300,inside
2024-08-14,7.791600,7.137300,-0.008400,inside
2024-08-15,7.796900,7.173400,-0.003100,inside
2024-08-18,7.794200,7.164000,-0.005800,inside
2024-08-19,7.788930,7.140500,-0.011070,inside
2024-08-20,7.788300,7.132000,-0.011700,inside
2024-08-21,7.792640,7.131800,-0.007360,inside
2024-08-22,7.796800,7.144400,-0.003200,inside
2024-08-25,7.796900,7.124000,-0.003100,inside
2024-08-26,7.796800,7.118100,-0.003200,inside
2024-08-27,7.801800,7.123100,0.001800,inside
2024-08-28,7.800020,7.124300,0.000020,inside
2024-08-29,7.796860,7.095500,-0.003140,inside
2024-09-01,7.797690,7.092100,-0.002310,inside
2024-09-02,7.796370,7.116600,-0.003630,inside
2024-09-03,7.798300,7.120400,-0.001700,inside
2024-09-04,7.795700,7.111900,-0.004300,inside
2024-09-05,7.793580,7.091300,-0.006420,inside
2024-09-08,7.795390,7.087900,-0.004610,inside
2024-09-09,7.796500,7.113600,-0.003500,inside
2024-09-10,7.797200,7.120800,-0.002800,inside
2024-09-11,7.797510,7.119700,-0.002490,inside
2024-09-12,7.802520,7.116600,0.002520,inside
2024-09-15,7.798200,7.092700,-0.001800,inside
2024-09-16,7.792300,7.092500,-0.007700,inside
2024-09-17,7.793700,7.092500,-0.006300,inside
2024-09-18,7.793700,7.081000,-0.006300,inside
2024-09-19,7.793940,7.067000,-0.006060,inside
2024-09-22,7.790900,7.050900,-0.009100,inside
2024-09-23,7.786500,7.051300,-0.013500,inside
2024-09-24,7.782540,7.030200,-0.017460,inside
2024-09-25,7.786300,7.032300,-0.013700,inside
2024-09-26,7.779380,7.009000,-0.020620,inside
2024-09-29,7.773280,7.010300,-0.026720,inside
2024-09-30,7.774100,7.017500,-0.025900,inside
2024-10-01,7.771680,7.030400,-0.028320,inside
2024-10-02,7.762670,7.037700,-0.037330,inside
2024-10-03,7.765380,7.045100,-0.034620,inside
2024-10-06,7.766600,7.017500,-0.033400,inside
2024-10-07,7.766090,7.019100,-0.033910,inside
2024-10-08,7.774700,7.057800,-0.025300,inside
2024-10-09,7.772600,7.080100,-0.027400,inside
2024-10-10,7.769560,7.080100,-0.030440,inside
2024-10-13,7.772240,7.065200,-0.027760,inside
2024-10-14,7.762680,7.087200,-0.037320,inside
2024-10-15,7.767800,7.117800,-0.032200,inside
2024-10-16,7.770470,7.118400,-0.029530,inside
2024-10-17,7.773600,7.123000,-0.026400,inside
2024-10-20,7.769940,7.100800,-0.030060,inside
2024-10-21,7.773700,7.118000,-0.026300,inside
2024-10-22,7.772100,7.121700,-0.027900,inside
2024-10-23,7.769400,7.125300,-0.030600,inside
2024-10-24,7.770160,7.118700,-0.029840,inside
2024-10-28,7.770730,7.120100,-0.029270,inside
2024-10-29,7.771900,7.127500,-0.028100,inside
2024-10-30,7.771100,7.130100,-0.028900,inside
2024-10-31,7.771320,7.114800,-0.028680,inside
2024-11-01,7.773780,7.118500,-0.026220,inside
2024-11-04,7.776190,7.121700,-0.023810,inside
2024-11-05,7.772700,7.097800,-0.027300,inside
2024-11-06,7.771420,7.102200,-0.028580,inside
2024-11-07,7.776030,7.176900,-0.023970,inside
2024-11-08,7.771000,7.141200,-0.029000,inside
2024-11-11,7.774840,7.178200,-0.025160,inside
2024-11-12,7.775900,7.211100,-0.024100,inside
2024-11-13,7.778200,7.231600,-0.021800,inside
2024-11-14,7.781140,7.223500,-0.018860,inside
2024-11-15,7.781420,7.229200,-0.018580,inside
2024-11-18,7.786350,7.231000,-0.013650,inside
2024-11-19,7.783520,7.235400,-0.016480,inside
2024-11-20,7.783310,7.238100,-0.016690,inside
2024-11-21,7.783000,7.244000,-0.017000,inside
2024-11-22,7.782800,7.233700,-0.017200,inside
2024-11-25,7.783160,7.242000,-0.016840,inside
2024-11-26,7.782320,7.239500,-0.017680,inside
2024-11-27,7.782700,7.252000,-0.017300,inside
2024-11-28,7.781030,7.246200,-0.018970,inside
2024-11-29,7.783600,7.242900,-0.016400,inside
2024-12-02,7.781520,7.240700,-0.018480,inside
2024-12-03,7.781370,7.270900,-0.018630,inside
2024-12-04,7.783000,7.283800,-0.017000,inside
2024-12-05,7.784300,7.263000,-0.015700,inside
2024-12-06,7.781590,7.259200,-0.018410,inside
2024-12-09,7.779780,7.269300,-0.020220,inside
2024-12-10,7.774240,7.259500,-0.025760,inside
2024-12-11,7.774070,7.248700,-0.025930,inside
2024-12-12,7.774750,7.261100,-0.025250,inside
2024-12-13,7.775100,7.267600,-0.024900,inside
2024-12-16,7.775320,7.275100,-0.024680,inside
2024-12-17,7.774220,7.282400,-0.025780,inside
2024-12-18,7.770300,7.284600,-0.029700,inside
2024-12-19,7.771600,7.285400,-0.028400,inside
2024-12-20,7.770000,7.295400,-0.030000,inside
2024-12-23,7.772760,7.295400,-0.027240,inside
2024-12-24,7.769800,7.297000,-0.030200,inside
2024-12-25,7.767400,7.294600,-0.032600,inside
2024-12-26,7.766000,7.297200,-0.034000,inside
2024-12-27,7.768200,7.297300,-0.031800,inside
2024-12-30,7.763320,7.297800,-0.036680,inside
2024-12-31,7.763500,7.298100,-0.036500,inside
2025-01-02,7.767930,7.298100,-0.032070,inside
2025-01-03,7.776800,7.298600,-0.023200,inside
2025-01-06,7.777550,7.319600,-0.022450,inside
2025-01-07,7.775310,7.322300,-0.024690,inside
2025-01-08,7.776460,7.326400,-0.023540,inside
2025-01-09,7.779180,7.331500,-0.020820,inside
2025-01-10,7.782110,7.332100,-0.017890,inside
2025-01-13,7.786100,7.331700,-0.013900,inside
2025-01-14,7.785030,7.329800,-0.014970,inside
2025-01-15,7.787000,7.330900,-0.013000,inside
2025-01-16,7.785040,7.330100,-0.014960,inside
2025-01-17,7.787700,7.331000,-0.012300,inside
2025-01-20,7.784270,7.324000,-0.015730,inside
2025-01-21,7.780490,7.313300,-0.019510,inside
2025-01-22,7.785700,7.271200,-0.014300,inside
2025-01-23,7.787650,7.271200,-0.012350,inside
2025-01-24,7.789210,7.286200,-0.010790,inside
2025-01-27,7.787750,7.243100,-0.012250,inside
2025-01-28,7.788220,7.250700,-0.011780,inside
2025-01-29,7.790100,7.250200,-0.009900,inside
2025-01-30,7.792300,7.169000,-0.007700,inside
2025-01-31,7.791700,7.180900,-0.008300,inside
2025-02-03,7.794960,7.185800,-0.005040,inside
2025-02-04,7.793200,7.195000,-0.006800,inside
2025-02-05,7.786900,7.181900,-0.013100,inside
2025-02-06,7.786100,7.270500,-0.013900,inside
2025-02-07,7.786500,7.287800,-0.013500,inside
2025-02-10,7.790340,7.286800,-0.009660,inside
2025-02-11,7.789100,7.304500,-0.010900,inside
2025-02-12,7.791730,7.307200,-0.008270,inside
2025-02-13,7.789430,7.308800,-0.010570,inside
2025-02-14,7.788000,7.288800,-0.012000,inside
2025-02-17,7.782720,7.253000,-0.017280,inside
2025-02-18,7.780120,7.253000,-0.019880,inside
2025-02-19,7.774400,7.278600,-0.025600,inside
2025-02-20,7.777820,7.283300,-0.022180,inside
2025-02-21,7.775620,7.255500,-0.024380,inside
2025-02-24,7.769530,7.250000,-0.030470,inside
2025-02-25,7.773890,7.247600,-0.026110,inside
2025-02-26,7.773220,7.247600,-0.026780,inside
2025-02-27,7.773020,7.258000,-0.026980,inside
2025-02-28,7.776810,7.285300,-0.023190,inside
2025-03-03,7.777730,7.282800,-0.022270,inside
2025-03-04,7.777170,7.284300,-0.022830,inside
2025-03-05,7.772420,7.265100,-0.027580,inside
2025-03-06,7.770400,7.250600,-0.029600,inside
2025-03-07,7.772400,7.250600,-0.027600,inside
2025-03-10,7.771200,7.234000,-0.028800,inside
2025-03-11,7.769200,7.259100,-0.030800,inside
2025-03-12,7.770500,7.259100,-0.029500,inside
2025-03-13,7.769300,7.237100,-0.030700,inside
2025-03-14,7.771610,7.237100,-0.028390,inside
2025-03-17,7.772720,7.237100,-0.027280,inside
2025-03-18,7.770300,7.232700,-0.029700,inside
2025-03-19,7.769700,7.227300,-0.030300,inside
2025-03-20,7.769910,7.230000,-0.030090,inside
2025-03-21,7.772600,7.247700,-0.027400,inside
2025-03-24,7.773040,7.248500,-0.026960,inside
2025-03-25,7.774000,7.253000,-0.026000,inside
2025-03-26,7.775800,7.256900,-0.024200,inside
2025-03-27,7.775800,7.256900,-0.024200,inside
2025-03-28,7.776200,7.263300,-0.023800,inside
2025-03-30,7.778700,7.262800,-0.021300,inside
2025-03-31,7.779500,7.256700,-0.020500,inside
2025-04-01,7.781500,7.269700,-0.018500,inside
2025-04-02,7.783800,7.267500,-0.016200,inside
2025-04-03,7.778000,7.267500,-0.022000,inside
2025-04-06,7.771890,7.281300,-0.028110,inside
2025-04-07,7.768490,7.308100,-0.031510,inside
2025-04-08,7.769700,7.338800,-0.030300,inside
2025-04-09,7.761100,7.350000,-0.038900,inside
2025-04-10,7.757530,7.314000,-0.042470,inside
2025-04-13,7.754940,7.291600,-0.045060,inside
2025-04-14,7.755910,7.311900,-0.044090,inside
2025-04-15,7.756900,7.311900,-0.043100,inside
2025-04-16,7.761750,7.311900,-0.038250,inside
2025-04-21,7.759400,7.299000,-0.040600,inside
2025-04-22,7.758400,7.311800,-0.041600,inside
2025-04-23,7.759400,7.286000,-0.040600,inside
2025-04-24,7.758310,7.286000,-0.041690,inside
2025-04-27,7.756920,7.286400,-0.043080,inside
2025-04-28,7.756600,7.294000,-0.043400,inside
2025-04-29,7.758800,7.269000,-0.041200,inside
2025-04-30,7.755150,7.270600,-0.044850,inside
2025-05-01,7.757100,7.270600,-0.042900,inside
2025-05-04,7.750400,7.270600,-0.049600,inside
2025-05-05,7.750400,7.270000,-0.049600,inside
2025-05-06,7.751600,7.216300,-0.048400,inside
2025-05-07,7.758690,7.225200,-0.041310,inside
2025-05-08,7.774970,7.225200,-0.025030,inside
2025-05-11,7.777140,7.236300,-0.022860,inside
2025-05-12,7.790990,7.201800,-0.009010,inside
2025-05-13,7.796840,7.205700,-0.003160,inside
2025-05-14,7.803380,7.205700,0.003380,inside
2025-05-15,7.805400,7.206500,0.005400,inside
2025-05-18,7.813830,7.209000,0.013830,inside
2025-05-19,7.821200,7.209000,0.021200,inside
2025-05-20,7.828400,7.219400,0.028400,inside
2025-05-21,7.828430,7.201900,0.028430,inside
2025-05-22,7.828180,7.203700,0.028180,inside
2025-05-25,7.830580,7.203700,0.030580,inside
2025-05-26,7.836900,7.203700,0.036900,inside
2025-05-27,7.838400,7.203700,0.038400,inside
2025-05-28,7.834490,7.203700,0.034490,inside
2025-05-29,7.841100,7.203700,0.041100,inside
2025-06-01,7.842100,7.203700,0.042100,inside
2025-06-02,7.844600,7.203700,0.044600,inside
2025-06-03,7.845160,7.203700,0.045160,inside
2025-06-04,7.843740,7.203700,0.043740,inside
2025-06-05,7.846200,7.175000,0.046200,inside
2025-06-08,7.846900,7.188600,0.046900,inside
2025-06-09,7.847520,7.180200,0.047520,inside
2025-06-10,7.847790,7.180200,0.047790,inside
2025-06-11,7.848600,7.192800,0.048600,inside
2025-06-12,7.848940,7.192800,0.048940,inside
2025-06-15,7.849200,7.181000,0.049200,inside
2025-06-16,7.849600,7.179000,0.049600,inside
2025-06-17,7.849600,7.184500,0.049600,inside
2025-06-18,7.849690,7.188800,0.049690,inside
2025-06-19,7.849500,7.188000,0.049500,inside
2025-06-22,7.849630,7.188000,0.049630,inside
2025-06-23,7.849670,7.179000,0.049670,inside
2025-06-24,7.849850,7.171300,0.049850,inside
2025-06-25,7.848700,7.176400,0.048700,inside
2025-06-26,7.849160,7.167500,0.049160,inside
2025-06-29,7.849500,7.172100,0.049500,inside
2025-06-30,7.849900,7.163600,0.049900,inside
2025-07-01,7.847760,7.164500,0.047760,inside
2025-07-02,7.849800,7.164900,0.049800,inside
2025-07-03,7.847700,7.164900,0.047700,inside
2025-07-06,7.849800,7.164900,0.049800,inside
2025-07-07,7.849800,7.174400,0.049800,inside
2025-07-08,7.849640,7.173800,0.049640,inside
2025-07-09,7.849800,7.180000,0.049800,inside
2025-07-10,7.849600,7.174800,0.049600,inside
2025-07-13,7.849630,7.168100,0.049630,inside
2025-07-14,7.849810,7.167000,0.049810,inside
2025-07-15,7.849700,7.172900,0.049700,inside
2025-07-16,7.849800,7.178500,0.049800,inside
2025-07-17,7.848500,7.183200,0.048500,inside
2025-07-20,7.848300,7.177700,0.048300,inside
2025-07-21,7.849360,7.175500,0.049360,inside
2025-07-22,7.849690,7.174300,0.049690,inside
2025-07-23,7.849430,7.159500,0.049430,inside
2025-07-24,7.849900,7.153500,0.049900,inside
2025-07-27,7.849500,7.153500,0.049500,inside
2025-07-28,7.849180,7.177800,0.049180,inside
2025-07-29,7.849600,7.176400,0.049600,inside
2025-07-30,7.849290,7.176400,0.049290,inside
2025-07-31,7.849900,7.200200,0.049900,inside
2025-08-03,7.849410,7.211600,0.049410,inside
2025-08-04,7.849240,7.178000,0.049240,inside
2025-08-05,7.849800,7.183400,0.049800,inside
2025-08-06,7.849400,7.182800,0.049400,inside
2025-08-07,7.849320,7.181000,0.049320,inside
2025-08-10,7.849600,7.181000,0.049600,inside
2025-08-11,7.849680,7.187700,0.049680,inside
2025-08-12,7.848380,7.178500,0.048380,inside
2025-08-13,7.849200,7.174300,0.049200,inside
2025-08-14,7.834600,7.179500,0.034600,inside
2025-08-17,7.824710,7.181700,0.024710,inside
2025-08-18,7.819920,7.184600,0.019920,inside
2025-08-19,7.799500,7.181900,-0.000500,inside
2025-08-20,7.812200,7.175700,0.012200,inside
2025-08-21,7.813900,7.179900,0.013900,inside
2025-08-24,7.815600,7.167500,0.015600,inside
2025-08-25,7.812700,7.151000,0.012700,inside
2025-08-26,7.793580,7.152000,-0.006420,inside
2025-08-27,7.784210,7.153000,-0.015790,inside
2025-08-28,7.794130,7.153000,-0.005870,inside
2025-08-31,7.795500,7.130400,-0.004500,inside
2025-09-01,7.796510,7.130400,-0.003490,inside
2025-09-02,7.807500,7.139000,0.007500,inside
2025-09-03,7.800390,7.141400,0.000390,inside
2025-09-04,7.800220,7.141400,0.000220,inside
2025-09-07,7.798400,7.132500,-0.001600,inside
2025-09-08,7.793300,7.129300,-0.006700,inside
2025-09-09,7.787390,7.120900,-0.012610,inside
2025-09-10,7.789600,7.120700,-0.010400,inside
2025-09-11,7.788600,7.118400,-0.011400,inside
2025-09-14,7.780200,7.124200,-0.019800,inside
2025-09-15,7.779990,7.118500,-0.020010,inside
2025-09-16,7.780470,7.114200,-0.019530,inside
2025-09-17,7.776990,7.103300,-0.023010,inside
2025-09-18,7.777110,7.112900,-0.022890,inside
2025-09-21,7.774440,7.112900,-0.025560,inside
2025-09-22,7.769320,7.114000,-0.030680,inside
2025-09-23,7.775460,7.111600,-0.024540,inside
2025-09-24,7.777840,7.131500,-0.022160,inside
2025-09-25,7.782700,7.133800,-0.017300,inside
2025-09-28,7.780400,7.132800,-0.019600,inside
2025-09-29,7.783000,7.119400,-0.017000,inside
2025-09-30,7.781960,7.119000,-0.018040,inside
2025-10-01,7.780990,7.119000,-0.019010,inside
2025-10-02,7.782470,7.119000,-0.017530,inside
2025-10-05,7.781100,7.119000,-0.018900,inside
2025-10-06,7.782650,7.119000,-0.017350,inside
2025-10-07,7.783190,7.119000,-0.016810,inside
2025-10-08,7.781600,7.118500,-0.018400,inside
2025-10-09,7.782300,7.127500,-0.017700,inside
2025-10-12,7.782300,7.100000,-0.017700,inside
2025-10-13,7.779140,7.100000,-0.020860,inside
2025-10-14,7.773700,7.138400,-0.026300,inside
2025-10-15,7.775000,7.126200,-0.025000,inside
2025-10-16,7.770790,7.123000,-0.029210,inside
2025-10-19,7.767100,7.126400,-0.032900,inside
2025-10-20,7.767840,7.119500,-0.032160,inside
2025-10-21,7.771200,7.121800,-0.028800,inside
2025-10-22,7.770400,7.125700,-0.029600,inside
2025-10-23,7.771800,7.125700,-0.028200,inside
2025-10-27,7.769390,7.121100,-0.030610,inside
2025-10-28,7.767490,7.110200,-0.032510,inside
2025-10-29,7.767880,7.098800,-0.032120,inside
2025-10-30,7.771100,7.099000,-0.028900,inside
2025-10-31,7.769140,7.109800,-0.030860,inside
2025-11-03,7.770770,7.116900,-0.029230,inside
2025-11-04,7.771900,7.171800,-0.028100,inside
2025-11-05,7.773890,7.129500,-0.026110,inside
2025-11-06,7.774800,7.126000,-0.025200,inside
2025-11-07,7.775600,7.118600,-0.024400,inside
2025-11-10,7.776510,7.118600,-0.023490,inside
2025-11-11,7.773110,7.119300,-0.026890,inside
2025-11-12,7.771470,7.119300,-0.028530,inside
2025-11-13,7.770420,7.119300,-0.029580,inside
2025-11-14,7.771000,7.112000,-0.029000,inside
2025-11-17,7.771510,7.099200,-0.028490,inside
2025-11-18,7.773900,7.107500,-0.026100,inside
2025-11-19,7.784100,7.107500,-0.015900,inside
2025-11-20,7.786280,7.107500,-0.013720,inside
2025-11-21,7.783500,7.107500,-0.016500,inside
2025-11-24,7.782310,7.106600,-0.017690,inside
2025-11-25,7.781630,7.102200,-0.018370,inside
2025-11-26,7.775340,7.084500,-0.024660,inside
2025-11-27,7.777800,7.075800,-0.022200,inside
2025-11-28,7.778700,7.075800,-0.021300,inside
2025-12-01,7.784780,7.075100,-0.015220,inside
2025-12-02,7.788200,7.071700,-0.011800,inside
2025-12-03,7.784400,7.070000,-0.015600,inside
2025-12-04,7.783270,7.063600,-0.016730,inside
2025-12-05,7.781770,7.071400,-0.018230,inside
2025-12-08,7.783960,7.069600,-0.016040,inside
2025-12-09,7.780400,7.071000,-0.019600,inside
2025-12-10,7.782320,7.063300,-0.017680,inside
2025-12-11,7.779040,7.064000,-0.020960,inside
2025-12-12,7.782000,7.057900,-0.018000,inside
2025-12-15,7.784250,7.054000,-0.015750,inside
2025-12-16,7.782000,7.047000,-0.018000,inside
2025-12-17,7.779900,7.041700,-0.020100,inside
2025-12-18,7.779240,7.043000,-0.020760,inside
2025-12-19,7.781000,7.040500,-0.019000,inside
2025-12-22,7.781110,7.040900,-0.018890,inside
2025-12-23,7.780000,7.040900,-0.020000,inside
2025-12-24,7.776900,7.028000,-0.023100,inside
2025-12-26,7.776100,7.028000,-0.023900,inside
2025-12-29,7.770880,7.028000,-0.029120,inside
2025-12-30,7.773030,7.005600,-0.026970,inside
2025-12-31,7.780660,6.996100,-0.019340,inside
2026-01-02,7.785340,6.996100,-0.014660,inside
2026-01-05,7.790560,6.993100,-0.009440,inside
2026-01-06,7.785600,6.988000,-0.014400,inside
2026-01-07,7.786900,6.983400,-0.013100,inside
2026-01-08,7.786000,6.996500,-0.014000,inside
2026-01-09,7.792000,6.983500,-0.008000,inside
2026-01-12,7.794150,6.977200,-0.005850,inside
2026-01-13,7.796400,6.973100,-0.003600,inside
2026-01-14,7.800780,6.977500,0.000780,inside
2026-01-15,7.797700,6.973000,-0.002300,inside
2026-01-16,7.797400,6.966000,-0.002600,inside
2026-01-19,7.797240,6.968100,-0.002760,inside
2026-01-20,7.796700,6.968100,-0.003300,inside
2026-01-21,7.799200,6.959900,-0.000800,inside
2026-01-22,7.797100,6.963700,-0.002900,inside
2026-01-23,7.796740,6.972600,-0.003260,inside
2026-01-26,7.794720,6.972600,-0.005280,inside
2026-01-27,7.797160,6.954200,-0.002840,inside
2026-01-28,7.800110,6.954500,0.000110,inside
2026-01-29,7.801800,6.954500,0.001800,inside
2026-01-30,7.805530,6.948000,0.005530,inside
2026-02-02,7.809740,6.951000,0.009740,inside
2026-02-03,7.810090,6.946300,0.010090,inside
2026-02-04,7.813400,6.937700,0.013400,inside
2026-02-05,7.812200,6.937700,0.012200,inside
2026-02-06,7.813700,6.937800,0.013700,inside
2026-02-09,7.812470,6.938800,0.012470,inside
2026-02-10,7.814640,6.922000,0.014640,inside
2026-02-11,7.817800,6.910600,0.017800,inside
2026-02-12,7.816000,6.912500,0.016000,inside
2026-02-13,7.816500,6.900100,0.016500,inside
2026-02-16,7.815900,6.908000,0.015900,inside
2026-02-17,7.815900,6.908000,0.015900,inside
2026-02-18,7.815500,6.908000,0.015500,inside
2026-02-19,7.815700,6.908000,0.015700,inside
2026-02-20,7.814900,6.908100,0.014900,inside
2026-02-23,7.813470,6.908000,0.013470,inside
2026-02-24,7.818900,6.908000,0.018900,inside
2026-02-25,7.822520,6.883100,0.022520,inside
2026-02-26,7.819600,6.869200,0.019600,inside
2026-02-27,7.823280,6.840900,0.023280,inside
2026-03-02,7.822600,6.857900,0.022600,inside
2026-03-03,7.821050,6.882000,0.021050,inside
2026-03-04,7.804710,6.899700,0.004710,inside
2026-03-05,7.817200,6.897000,0.017200,inside
2026-03-06,7.819210,6.897000,0.019210,inside
2026-03-09,7.816470,6.896500,0.016470,inside
2026-03-10,7.820510,6.911000,0.020510,inside
2026-03-11,7.823800,6.876500,0.023800,inside
2026-03-12,7.825400,6.865500,0.025400,inside
2026-03-13,7.827300,6.868900,0.027300,inside
2026-03-16,7.827080,6.896100,0.027080,inside
2026-03-17,7.829840,6.955500,0.029840,inside
2026-03-18,7.836500,6.886300,0.036500,inside
2026-03-19,7.836100,6.872600,0.036100,inside
2026-03-20,7.833600,6.899800,0.033600,inside
2026-03-23,7.833640,6.885700,0.033640,inside
2026-03-24,7.834800,6.880000,0.034800,inside
2026-03-25,7.827610,6.891800,0.027610,inside
2026-03-26,7.818060,6.901000,0.018060,inside
2026-03-27,7.825700,6.910700,0.025700,inside
2026-03-29,7.832140,6.911600,0.032140,inside
2026-03-30,7.835700,6.911600,0.035700,inside
2026-03-31,7.838400,6.894200,0.038400,inside
2026-04-01,7.837100,6.870500,0.037100,inside
2026-04-02,7.836900,6.885100,0.036900,inside
2026-04-05,7.837200,6.882400,0.037200,inside
2026-04-06,7.836730,6.882300,0.036730,inside
2026-04-07,7.833720,6.856700,0.033720,inside
2026-04-08,7.832250,6.828700,0.032250,inside
2026-04-09,7.833200,6.831400,0.033200,inside
2026-04-12,7.832260,6.827800,0.032260,inside
2026-04-13,7.829800,6.830300,0.029800,inside
2026-04-14,7.833580,6.815700,0.033580,inside
2026-04-15,7.832430,6.818000,0.032430,inside
2026-04-16,7.822560,6.821100,0.022560,inside
2026-04-19,7.831180,6.817000,0.031180,inside
2026-04-20,7.829930,6.817400,0.029930,inside
2026-04-21,7.830350,6.820800,0.030350,inside
2026-04-22,7.831950,6.824200,0.031950,inside
2026-04-23,7.832340,6.826000,0.032340,inside
2026-04-26,7.834900,6.835900,0.034900,inside
2026-04-27,7.836700,6.822800,0.036700,inside
2026-04-28,7.835600,6.837400,0.035600,inside
2026-04-29,7.836900,6.837500,0.036900,inside
2026-04-30,7.832670,6.827300,0.032670,inside
2026-05-03,7.834900,6.827500,0.034900,inside
2026-05-04,7.833050,6.830000,0.033050,inside
2026-05-05,7.835650,6.830100,0.035650,inside
2026-05-06,7.834080,6.811000,0.034080,inside
2026-05-07,7.833780,6.801400,0.033780,inside
2026-05-10,7.828690,6.800500,0.028690,inside
2026-05-11,7.828200,6.794800,0.028200,inside
2026-05-12,7.828180,6.792000,0.028180,inside
2026-05-13,7.829200,6.790800,0.029200,inside
2026-05-14,7.832260,6.785100,0.032260,inside
2026-05-17,7.830140,6.809200,0.030140,inside
2026-05-18,7.830290,6.800000,0.030290,inside
2026-05-19,7.832700,6.814500,0.032700,inside
2026-05-20,7.831400,6.800500,0.031400,inside
2026-05-21,7.833910,6.802500,0.033910,inside
2026-05-24,7.834670,6.794500,0.034670,inside
2026-05-25,7.834270,6.794500,0.034270,inside
2026-05-26,7.835810,6.786000,0.035810,inside
2026-05-27,7.833680,6.778800,0.033680,inside
2026-05-28,7.833300,6.779500,0.033300,inside
2026-05-31,7.835810,6.766200,0.035810,inside
2026-06-01,7.837000,6.765000,0.037000,inside
2026-06-02,7.836900,6.762200,0.036900,inside
2026-06-03,7.835740,6.769200,0.035740,inside
2026-06-04,7.834300,6.773500,0.034300,inside
2026-06-07,7.834130,6.765500,0.034130,inside
2026-06-08,7.836120,6.765500,0.036120,inside
2026-06-09,7.837300,6.772500,0.037300,inside
2026-06-10,7.835550,6.772500,0.035550,inside
2026-06-11,7.835610,6.775500,0.035610,inside
2026-06-14,7.834630,6.766000,0.034630,inside
2026-06-15,7.834500,6.757000,0.034500,inside
2026-06-16,7.832590,6.757200,0.032590,inside
2026-06-17,7.834960,6.757200,0.034960,inside
2026-06-18,7.836810,6.768600,0.036810,inside
2026-06-21,7.836450,6.768600,0.036450,inside
2026-06-22,7.839300,6.774500,0.039300,inside
2026-06-23,7.840400,6.790000,0.040400,inside
2026-06-24,7.838920,6.790000,0.038920,inside
2026-06-25,7.839550,6.790000,0.039550,inside
2026-06-28,7.841810,6.798000,0.041810,inside
2026-06-29,7.840300,6.793600,0.040300,inside
2026-06-30,7.842450,6.793600,0.042450,inside
2026-07-01,7.843800,6.794200,0.043800,inside
2026-07-02,7.842810,6.788600,0.042810,inside
2026-07-05,7.842820,6.788600,0.042820,inside
2026-07-06,7.842300,6.795800,0.042300,inside
2026-07-07,7.841600,6.793400,0.041600,inside
2026-07-08,7.838800,6.802500,0.038800,inside
2026-07-09,7.835800,6.792100,0.035800,inside
2026-07-12,7.839460,6.776600,0.039460,inside
2026-07-13,7.837500,6.779500,0.037500,inside
2026-07-14,7.837490,6.770000,0.037490,inside
2026-07-15,7.838260,6.768200,0.038260,inside
2026-07-16,7.840500,6.772500,0.040500,inside
2026-07-19,7.839720,6.772500,0.039720,inside
2026-07-20,7.840650,6.772500,0.040650,inside
2026-07-21,7.841370,6.765600,0.041370,inside
2026-07-22,7.839900,6.772500,0.039900,inside
2026-07-23,7.841100,6.772500,0.041100,inside
2026-07-26,7.841780,6.771800,0.041780,inside
2026-07-27,7.841660,6.765700,0.041660,inside
2026-07-28,7.840730,6.771000,0.040730,inside
2026-07-29,7.841980,6.766100,0.041980,inside
2026-07-30,7.842800,6.755000,0.042800,inside
2026-08-02,7.841810,6.750900,0.041810,inside
2026-08-03,7.841710,6.752300,0.041710,inside
2026-08-04,7.842200,6.753200,0.042200,inside
2026-08-05,7.843300,6.749700,0.043300,inside
2026-08-06,7.844300,6.748800,0.044300,inside
2026-08-09,7.845190,6.747400,0.045190,inside
2026-08-10,7.845120,6.747400,0.045120,inside
2026-08-11,7.846410,6.745000,0.046410,inside
2026-08-12,7.846300,6.743300,0.046300,inside
2026-08-13,7.847200,6.742800,0.047200,inside
2026-08-16,7.846560,6.742800,0.046560,inside
2026-08-17,7.844050,6.739900,0.044050,inside
2026-08-18,7.843710,6.742600,0.043710,inside
2026-08-19,7.840030,6.729500,0.040030,inside
2026-08-20,7.843470,6.722500,0.043470,inside
2026-08-23,7.839200,6.721000,0.039200,inside
2026-08-24,7.836010,6.721900,0.036010,inside
2026-08-25,7.838040,6.720300,0.038040,inside
2026-08-26,7.838800,6.722500,0.038800,inside
2026-08-27,7.838530,6.722500,0.038530,inside
2026-08-30,7.839750,6.726000,0.039750,inside
2026-08-31,7.838900,6.726000,0.038900,inside
2026-09-01,7.840690,6.720200,0.040690,inside
2026-09-02,7.841600,6.719000,0.041600,inside
2026-09-03,7.840000,6.719000,0.040000,inside
2026-09-05,7.840700,6.710800,0.040700,inside
